bvid,time,Sadness,Anger,Regret,Disgust,Joy,Expectation,Surprise,Love,Neutral
BV1132LYCERE,2025-01-17,0,0,0,1,1,1,1,0,0
BV1132LYCERE,2025-01-18,0,0,0,1,0,0,0,0,0
BV1132LYCERE,2025-01-20,0,0,0,0,0,0,0,0,1
BV1132LYCERE,2025-01-21,0,3,0,0,1,0,0,0,0
BV1132LYCERE,2025-01-23,0,0,0,1,0,0,0,0,1
BV1132LYCERE,2025-01-24,1,0,0,0,1,0,0,0,2
BV1132LYCERE,2025-01-25,1,0,0,0,0,0,0,0,0
BV1132LYCERE,2025-01-26,1,0,0,0,0,0,0,0,0
BV1132LYCERE,2025-01-27,0,1,0,0,0,0,0,0,0
BV1132LYCERE,2025-01-28,0,0,0,0,0,0,0,0,1
BV1132LYCERE,2025-01-29,0,0,0,0,1,0,0,0,0
BV1132LYCERE,2025-01-30,1,0,0,0,0,0,1,0,0
BV1132LYCERE,2025-01-31,0,1,0,0,0,0,0,0,0
BV1132LYCERE,2025-02-01,0,0,0,0,0,0,1,0,0
BV1132LYCERE,2025-02-02,0,2,0,0,0,0,0,0,0
BV1132LYCERE,2025-02-05,0,0,0,1,0,0,0,0,0
BV1132LYCERE,2025-02-07,0,0,0,0,1,0,0,0,1
BV1132LYCERE,2025-02-08,0,0,0,0,1,0,0,0,0
BV1132LYCERE,2025-02-09,0,0,0,0,0,0,1,0,0
BV1132LYCERE,2025-02-11,0,0,0,0,0,1,0,0,1
BV1132LYCERE,2025-02-13,0,0,0,0,1,0,0,0,0
BV1132LYCERE,2025-02-14,1,0,0,0,0,0,0,0,0
BV1132LYCERE,2025-02-15,0,0,0,0,1,0,0,0,0
BV1132LYCERE,2025-02-26,0,0,0,0,1,0,0,0,0
BV1132LYCERE,2025-02-28,0,0,0,0,0,0,0,0,1
BV1132LYCERE,2025-03-02,0,0,0,0,0,1,0,0,0
BV1132LYCERE,2025-03-03,0,0,0,0,0,0,0,0,1
BV1132LYCERE,2025-03-05,0,0,0,0,0,1,0,0,0
BV1132LYCERE,2025-03-11,0,0,0,1,0,0,0,0,1
BV1132LYCERE,2025-03-12,0,0,0,0,0,0,0,1,1
BV1132LYCERE,2025-03-14,0,0,0,1,0,1,0,0,1
BV1132LYCERE,2025-03-15,0,0,0,0,1,0,0,0,0
BV1132LYCERE,2025-03-17,0,0,0,0,0,1,0,0,0
BV1132LYCERE,2025-03-18,0,0,0,1,0,0,0,0,0
BV1132LYCERE,2025-03-21,0,1,0,0,1,1,0,0,1
BV1132LYCERE,2025-03-22,0,1,0,0,0,2,0,0,0
BV1132LYCERE,2025-03-23,0,0,1,0,2,0,2,0,0
BV1132LYCERE,2025-03-24,0,1,0,0,1,0,0,0,0
BV1132LYCERE,2025-03-25,0,1,0,1,1,0,1,0,0
BV1132LYCERE,2025-03-26,0,0,0,1,0,0,1,0,1
BV1132LYCERE,2025-03-27,0,0,0,1,0,0,0,0,0
BV1132LYCERE,2025-03-28,0,0,0,0,0,0,1,0,0
BV1132LYCERE,2025-03-29,0,0,0,0,1,0,0,0,0
BV1132LYCERE,2025-04-01,0,0,0,1,0,0,0,0,2
BV1132LYCERE,2025-04-02,0,0,0,1,0,0,0,0,1
BV1132LYCERE,2025-04-05,0,1,0,0,1,0,0,0,0
BV1132LYCERE,2025-04-06,0,0,0,0,0,0,0,0,2
BV1132LYCERE,2025-04-07,0,0,1,0,0,0,0,0,0
BV1132LYCERE,2025-04-08,0,0,0,0,0,0,0,0,1
BV1132LYCERE,2025-04-10,0,0,1,0,0,1,1,0,0
BV1132LYCERE,2025-04-15,0,0,0,0,0,0,0,0,1
BV1132LYCERE,2025-04-24,0,0,1,1,1,0,0,0,0
BV1132LYCERE,2025-05-01,0,0,0,0,0,1,0,0,0
BV1132LYCERE,2025-05-02,0,0,0,0,0,0,0,0,1
BV1132LYCERE,2025-05-04,0,0,0,0,0,0,1,1,0
BV1132LYCERE,2025-05-05,0,0,0,0,1,1,0,0,0
BV11phaeKEFt,2024-10-15,0,0,0,0,0,0,1,0,0
BV11phaeKEFt,2024-10-17,0,0,0,0,0,1,0,0,0
BV11phaeKEFt,2024-10-18,0,0,0,0,0,0,0,0,2
BV11phaeKEFt,2024-10-20,0,0,0,0,1,0,0,0,0
BV11phaeKEFt,2024-10-21,0,0,0,1,0,0,1,0,1
BV11phaeKEFt,2024-10-22,0,0,1,0,1,0,0,0,0
BV11phaeKEFt,2024-10-23,1,0,0,0,0,1,1,0,0
BV11phaeKEFt,2024-10-24,0,0,0,0,0,0,0,0,2
BV11phaeKEFt,2024-10-25,0,0,0,0,1,0,0,0,0
BV11phaeKEFt,2024-10-27,0,0,1,0,1,0,0,0,1
BV11phaeKEFt,2024-10-28,0,0,0,0,0,0,1,0,0
BV11phaeKEFt,2024-10-29,0,0,0,0,2,0,0,0,0
BV11phaeKEFt,2024-10-30,0,0,0,0,0,1,0,0,0
BV11phaeKEFt,2024-10-31,0,0,0,0,0,0,1,0,0
BV11phaeKEFt,2024-11-03,1,0,0,0,1,1,0,0,0
BV11phaeKEFt,2024-11-04,0,0,0,0,0,0,0,0,1
BV11phaeKEFt,2024-11-05,0,0,0,0,1,0,0,0,0
BV11phaeKEFt,2024-11-07,0,0,0,0,0,0,0,0,1
BV11phaeKEFt,2024-11-09,0,0,0,0,1,0,0,0,0
BV11phaeKEFt,2024-11-11,0,0,0,0,0,1,0,0,0
BV11phaeKEFt,2024-11-12,0,0,0,0,1,0,0,0,0
BV11phaeKEFt,2024-11-17,0,0,0,0,1,0,0,0,0
BV11phaeKEFt,2024-11-18,1,0,0,0,0,0,0,0,1
BV11phaeKEFt,2024-11-20,0,0,0,0,1,0,0,0,0
BV11phaeKEFt,2024-11-27,0,0,0,0,1,0,0,0,0
BV11phaeKEFt,2024-11-30,0,0,0,0,1,1,0,0,0
BV11phaeKEFt,2024-12-01,0,0,0,0,1,0,0,0,1
BV11phaeKEFt,2024-12-04,0,0,0,0,1,0,0,0,0
BV11phaeKEFt,2024-12-07,0,0,1,0,0,0,0,0,1
BV11phaeKEFt,2024-12-08,0,0,0,0,0,0,0,0,1
BV11phaeKEFt,2024-12-10,1,0,0,0,0,0,0,0,0
BV11phaeKEFt,2024-12-18,0,0,0,0,0,0,0,0,1
BV11phaeKEFt,2024-12-22,0,0,0,0,0,1,0,0,0
BV11phaeKEFt,2024-12-24,0,0,1,0,0,0,0,0,1
BV11phaeKEFt,2024-12-27,0,0,0,0,0,1,0,0,0
BV11phaeKEFt,2024-12-31,0,0,0,0,1,0,0,0,1
BV11phaeKEFt,2025-01-04,0,1,0,0,0,0,0,0,0
BV11phaeKEFt,2025-01-05,1,0,0,0,0,0,0,0,1
BV11phaeKEFt,2025-01-06,0,0,1,0,0,0,0,0,0
BV11phaeKEFt,2025-01-12,0,0,0,0,0,0,0,0,1
BV11phaeKEFt,2025-01-13,0,0,0,0,2,0,0,0,0
BV11phaeKEFt,2025-01-14,0,0,0,0,1,0,0,0,0
BV11phaeKEFt,2025-01-16,0,0,0,0,2,0,0,0,1
BV11phaeKEFt,2025-01-18,0,0,0,0,1,0,0,0,0
BV11phaeKEFt,2025-01-21,0,0,0,0,2,0,0,0,0
BV11phaeKEFt,2025-01-23,0,0,0,0,1,0,0,0,0
BV11phaeKEFt,2025-01-24,0,0,0,1,1,0,0,0,0
BV11phaeKEFt,2025-01-26,0,0,0,0,2,0,0,0,0
BV11phaeKEFt,2025-01-28,0,0,0,0,0,0,0,0,1
BV11phaeKEFt,2025-01-29,0,0,0,0,1,0,0,0,0
BV11phaeKEFt,2025-01-30,0,0,0,0,1,0,0,0,0
BV11phaeKEFt,2025-02-02,0,0,0,0,1,0,0,0,0
BV11phaeKEFt,2025-02-03,0,0,1,0,0,0,0,0,0
BV11phaeKEFt,2025-02-05,0,0,1,0,0,0,0,0,0
BV11phaeKEFt,2025-02-07,0,0,0,0,1,0,0,0,0
BV11phaeKEFt,2025-02-08,0,0,0,0,1,0,0,0,0
BV11phaeKEFt,2025-02-10,0,0,0,0,0,0,0,0,1
BV11phaeKEFt,2025-02-12,0,0,0,0,1,0,0,0,0
BV11phaeKEFt,2025-02-20,0,0,0,0,0,0,0,0,1
BV11phaeKEFt,2025-03-08,0,0,0,0,0,0,1,0,0
BV11phaeKEFt,2025-03-14,0,0,0,1,0,0,0,0,0
BV11phaeKEFt,2025-03-15,0,0,1,0,0,0,0,0,0
BV11phaeKEFt,2025-03-23,0,0,0,0,0,0,0,0,1
BV11phaeKEFt,2025-03-26,0,0,0,0,0,0,0,0,1
BV11phaeKEFt,2025-03-28,0,0,0,0,1,0,0,0,0
BV11phaeKEFt,2025-04-12,0,0,0,0,0,0,0,0,1
BV11phaeKEFt,2025-04-19,0,0,0,0,1,0,0,0,0
BV11phaeKEFt,2025-04-22,0,0,0,0,1,0,0,0,0
BV11phaeKEFt,2025-04-25,0,0,0,0,1,0,0,0,0
BV11phaeKEFt,2025-04-27,0,0,1,0,0,0,0,0,0
BV11phaeKEFt,2025-04-29,0,0,1,0,0,0,0,0,1
BV11phaeKEFt,2025-05-02,0,0,0,0,1,0,0,0,0
BV11phaeKEFt,2025-05-03,0,0,0,0,0,0,1,0,0
BV11phaeKEFt,2025-05-05,0,1,0,0,0,0,0,0,0
BV14CfHYFEqz,2025-01-25,0,0,0,1,1,0,0,0,6
BV14CfHYFEqz,2025-01-26,0,0,1,2,2,1,1,0,17
BV14CfHYFEqz,2025-01-27,0,0,0,0,2,3,2,0,4
BV14CfHYFEqz,2025-01-28,0,0,0,1,1,0,0,0,3
BV14CfHYFEqz,2025-01-29,0,0,0,0,1,1,0,0,5
BV14CfHYFEqz,2025-01-30,2,0,0,0,0,0,0,0,2
BV14CfHYFEqz,2025-02-01,0,0,0,1,0,0,0,0,6
BV14CfHYFEqz,2025-02-02,0,0,0,0,0,0,0,0,2
BV14CfHYFEqz,2025-02-04,0,0,0,0,0,0,0,0,1
BV14CfHYFEqz,2025-02-05,0,0,0,1,0,1,0,0,0
BV14CfHYFEqz,2025-02-06,0,0,0,1,0,0,0,0,1
BV14CfHYFEqz,2025-02-07,0,0,0,0,0,0,0,0,1
BV14CfHYFEqz,2025-02-08,0,0,0,1,1,0,0,0,1
BV14CfHYFEqz,2025-02-10,0,0,0,0,0,0,0,0,2
BV14CfHYFEqz,2025-02-11,0,0,0,0,0,0,0,0,2
BV14CfHYFEqz,2025-02-13,0,0,0,1,0,0,0,0,1
BV14CfHYFEqz,2025-02-14,0,0,0,0,0,0,0,0,2
BV14CfHYFEqz,2025-02-15,1,0,0,0,0,0,0,0,0
BV14CfHYFEqz,2025-02-16,1,0,0,0,0,0,1,0,3
BV14CfHYFEqz,2025-02-17,0,0,0,0,0,0,0,0,1
BV14CfHYFEqz,2025-02-18,0,0,0,0,0,0,0,0,1
BV14CfHYFEqz,2025-02-19,0,0,1,0,0,0,0,0,0
BV14CfHYFEqz,2025-02-20,0,0,0,0,0,0,0,0,1
BV14CfHYFEqz,2025-02-21,0,0,0,0,0,0,0,0,1
BV14CfHYFEqz,2025-03-11,0,0,0,0,0,0,0,0,1
BV14CfHYFEqz,2025-03-31,0,1,0,0,0,0,0,0,0
BV14CfHYFEqz,2025-04-26,0,0,0,0,0,0,0,0,2
BV16udhYYENP,2025-04-27,0,0,1,2,3,2,0,1,1
BV16udhYYENP,2025-04-28,1,0,3,1,4,3,1,0,5
BV16udhYYENP,2025-04-29,0,0,1,1,0,0,2,1,2
BV16udhYYENP,2025-04-30,0,0,0,2,2,1,0,0,4
BV16udhYYENP,2025-05-01,0,0,0,0,9,1,0,0,2
BV16udhYYENP,2025-05-02,0,0,0,0,2,1,2,0,1
BV16udhYYENP,2025-05-03,0,0,1,0,1,1,0,0,0
BV16udhYYENP,2025-05-04,0,0,1,2,7,0,0,2,4
BV16udhYYENP,2025-05-05,0,0,2,3,1,0,0,0,3
BV16udhYYENP,2025-05-06,0,1,1,2,1,2,0,0,3
BV18qoXYmEQ3,2025-04-19,1,1,2,0,7,2,1,0,22
BV18qoXYmEQ3,2025-04-20,0,3,1,1,13,0,4,0,27
BV18qoXYmEQ3,2025-04-21,0,0,0,0,0,1,0,0,0
BV18qoXYmEQ3,2025-04-23,0,0,0,0,1,2,0,0,1
BV18qoXYmEQ3,2025-04-24,0,0,0,0,3,0,0,0,5
BV18qoXYmEQ3,2025-05-02,0,0,0,0,0,0,0,0,1
BV18qoXYmEQ3,2025-05-06,0,0,0,0,1,0,0,0,0
BV18tLbzDEGL,2025-05-04,6,5,5,7,4,4,2,0,9
BV18tLbzDEGL,2025-05-05,4,9,4,2,6,6,0,0,16
BV18tLbzDEGL,2025-05-06,0,3,0,1,1,1,0,0,5
BV194rYYZE8N,2025-01-08,2,1,1,4,5,1,2,0,4
BV194rYYZE8N,2025-01-09,5,2,6,4,8,2,0,0,11
BV194rYYZE8N,2025-01-10,2,1,0,0,0,1,1,0,0
BV194rYYZE8N,2025-01-11,1,1,0,1,1,0,2,0,0
BV194rYYZE8N,2025-01-12,0,1,1,0,0,0,0,0,0
BV194rYYZE8N,2025-01-13,1,0,0,1,0,1,0,0,1
BV194rYYZE8N,2025-01-14,1,0,0,0,0,0,0,0,2
BV194rYYZE8N,2025-01-15,0,0,0,0,1,0,0,0,1
BV194rYYZE8N,2025-01-17,0,0,0,0,0,0,0,0,1
BV194rYYZE8N,2025-01-18,1,0,1,2,1,0,0,0,0
BV194rYYZE8N,2025-01-20,0,0,1,0,1,0,1,0,0
BV194rYYZE8N,2025-01-21,1,0,0,0,1,0,1,0,1
BV194rYYZE8N,2025-01-22,0,0,0,0,1,0,0,0,0
BV1CDwbeEEh3,2025-01-21,0,0,0,3,2,0,0,0,3
BV1CDwbeEEh3,2025-01-22,2,6,8,5,5,9,3,0,17
BV1CDwbeEEh3,2025-01-23,2,1,1,1,2,0,0,0,1
BV1CDwbeEEh3,2025-01-24,1,2,2,1,0,1,0,0,0
BV1CDwbeEEh3,2025-01-25,0,2,2,0,0,1,0,0,0
BV1CDwbeEEh3,2025-01-26,0,1,1,0,1,0,0,0,0
BV1CDwbeEEh3,2025-01-27,0,0,0,1,0,0,0,0,0
BV1CDwbeEEh3,2025-01-28,0,2,0,0,0,0,0,0,0
BV1CDwbeEEh3,2025-02-01,0,0,0,0,0,0,0,0,1
BV1CDwbeEEh3,2025-02-04,0,0,0,0,0,0,0,0,1
BV1CDwbeEEh3,2025-02-05,0,0,0,0,0,1,0,0,0
BV1CDwbeEEh3,2025-02-06,0,0,0,0,0,1,0,0,0
BV1CDwbeEEh3,2025-02-07,0,0,0,0,0,0,0,0,1
BV1CDwbeEEh3,2025-02-09,0,1,0,0,0,0,0,0,0
BV1CDwbeEEh3,2025-02-11,0,0,0,0,0,1,0,0,0
BV1CDwbeEEh3,2025-02-12,1,0,0,0,0,0,0,0,0
BV1CDwbeEEh3,2025-02-22,0,0,0,0,0,1,0,0,0
BV1CDwbeEEh3,2025-03-01,0,1,0,0,0,0,0,0,0
BV1CDwbeEEh3,2025-03-03,0,1,0,0,0,0,0,0,0
BV1DnmaYvEdt,2024-11-13,4,0,0,19,3,0,1,0,65
BV1DnmaYvEdt,2024-11-14,0,0,0,1,0,0,0,0,5
BV1DnmaYvEdt,2024-11-19,0,0,0,0,0,0,0,0,1
BV1DnmaYvEdt,2024-11-20,0,0,1,0,0,0,0,0,0
BV1FMU6Y6EMv,2024-11-24,0,4,1,1,1,0,0,0,0
BV1FMU6Y6EMv,2024-11-25,2,4,0,0,2,0,0,0,1
BV1FMU6Y6EMv,2024-11-26,0,0,1,2,1,2,0,0,1
BV1FMU6Y6EMv,2024-11-27,0,0,0,0,0,0,0,0,2
BV1FMU6Y6EMv,2024-11-28,0,1,0,1,1,0,0,1,1
BV1FMU6Y6EMv,2024-11-29,0,0,0,1,0,2,0,0,2
BV1FMU6Y6EMv,2024-11-30,0,3,2,0,0,0,0,0,5
BV1FMU6Y6EMv,2024-12-01,0,0,0,1,0,0,0,0,1
BV1FMU6Y6EMv,2024-12-02,0,0,0,0,1,0,0,0,1
BV1FMU6Y6EMv,2024-12-03,0,0,0,0,1,0,0,0,0
BV1FMU6Y6EMv,2024-12-04,1,0,0,0,0,0,0,0,0
BV1FMU6Y6EMv,2024-12-06,0,0,0,1,0,0,1,0,0
BV1FMU6Y6EMv,2024-12-07,0,0,1,0,0,0,0,0,3
BV1FMU6Y6EMv,2024-12-08,0,0,0,0,1,0,0,0,0
BV1FMU6Y6EMv,2024-12-09,0,0,0,0,0,1,0,0,1
BV1FMU6Y6EMv,2024-12-10,0,0,0,0,1,1,0,0,0
BV1FMU6Y6EMv,2024-12-11,0,0,0,0,0,0,0,0,1
BV1FMU6Y6EMv,2024-12-12,0,0,0,1,0,1,0,0,0
BV1FMU6Y6EMv,2024-12-13,1,0,0,1,0,0,0,0,2
BV1FMU6Y6EMv,2024-12-14,0,0,0,0,0,0,0,1,1
BV1FMU6Y6EMv,2024-12-17,1,0,1,0,0,0,0,0,0
BV1FMU6Y6EMv,2024-12-20,0,0,0,0,0,0,0,0,1
BV1FMU6Y6EMv,2024-12-21,1,0,0,0,0,0,0,0,1
BV1FMU6Y6EMv,2024-12-23,0,0,1,1,0,0,0,0,0
BV1FMU6Y6EMv,2024-12-24,0,0,0,0,0,0,0,0,2
BV1FMU6Y6EMv,2024-12-26,0,0,0,0,1,1,0,0,1
BV1FMU6Y6EMv,2024-12-28,0,0,0,0,1,0,0,0,0
BV1FMU6Y6EMv,2024-12-29,0,0,1,0,0,0,0,0,0
BV1FMU6Y6EMv,2025-01-01,0,0,0,0,0,1,0,0,0
BV1FMU6Y6EMv,2025-01-02,0,0,0,1,0,0,0,0,0
BV1FMU6Y6EMv,2025-01-13,0,1,0,0,0,0,0,0,0
BV1FMU6Y6EMv,2025-01-18,0,0,0,0,1,0,0,0,0
BV1FMU6Y6EMv,2025-01-19,0,1,0,0,0,0,0,0,0
BV1FMU6Y6EMv,2025-01-23,1,0,0,0,0,0,0,0,0
BV1FMU6Y6EMv,2025-01-25,0,0,0,0,0,1,0,0,0
BV1FMU6Y6EMv,2025-01-29,0,1,0,0,0,0,0,0,0
BV1FMU6Y6EMv,2025-02-07,0,0,1,0,0,0,0,0,0
BV1FMU6Y6EMv,2025-02-11,0,1,0,0,0,0,0,0,0
BV1FMU6Y6EMv,2025-02-26,0,0,0,1,0,0,0,0,0
BV1FMU6Y6EMv,2025-03-04,1,0,0,0,0,0,0,0,0
BV1FMU6Y6EMv,2025-03-07,0,0,0,1,0,0,0,0,0
BV1FMU6Y6EMv,2025-03-31,0,0,0,0,1,0,0,0,0
BV1FMU6Y6EMv,2025-04-05,0,0,1,0,0,0,0,0,0
BV1Fsf5YFEdt,2025-02-06,0,0,0,0,1,0,1,0,4
BV1Fsf5YFEdt,2025-02-07,0,0,0,0,1,1,1,0,1
BV1Fsf5YFEdt,2025-02-08,0,0,0,0,0,0,0,0,5
BV1Fsf5YFEdt,2025-02-09,0,0,0,0,0,2,0,0,0
BV1Fsf5YFEdt,2025-02-10,0,0,1,0,2,0,0,0,3
BV1Fsf5YFEdt,2025-02-11,0,0,0,1,0,0,0,0,4
BV1Fsf5YFEdt,2025-02-12,3,0,0,0,3,1,1,0,2
BV1Fsf5YFEdt,2025-02-13,0,0,1,0,0,2,1,0,2
BV1Fsf5YFEdt,2025-02-14,0,0,0,0,0,0,0,0,4
BV1Fsf5YFEdt,2025-02-15,0,0,1,0,1,0,0,0,1
BV1Fsf5YFEdt,2025-02-16,0,2,0,0,0,0,0,0,2
BV1Fsf5YFEdt,2025-02-17,0,0,0,0,1,0,0,0,0
BV1Fsf5YFEdt,2025-02-18,0,0,1,0,0,0,0,0,1
BV1Fsf5YFEdt,2025-02-19,0,0,0,1,0,1,1,0,0
BV1Fsf5YFEdt,2025-02-20,0,0,0,0,0,0,0,0,4
BV1Fsf5YFEdt,2025-02-21,0,0,0,0,0,0,0,0,1
BV1Fsf5YFEdt,2025-02-22,0,1,0,0,0,0,1,0,0
BV1Fsf5YFEdt,2025-02-25,0,1,0,0,0,0,0,0,1
BV1Fsf5YFEdt,2025-02-26,0,0,1,0,0,0,0,0,0
BV1Fsf5YFEdt,2025-03-01,1,1,0,0,0,0,0,0,3
BV1Fsf5YFEdt,2025-03-02,0,0,0,0,0,0,0,0,2
BV1Fsf5YFEdt,2025-03-03,0,1,0,0,0,0,0,0,0
BV1Fsf5YFEdt,2025-03-04,0,0,0,0,0,0,0,0,1
BV1Fsf5YFEdt,2025-03-07,0,1,0,0,0,0,0,0,0
BV1Fsf5YFEdt,2025-03-09,0,0,0,0,0,1,0,0,0
BV1Fsf5YFEdt,2025-03-10,0,1,0,0,0,0,0,0,0
BV1Fsf5YFEdt,2025-03-18,0,0,0,0,0,0,0,0,1
BV1Fsf5YFEdt,2025-03-20,0,0,0,0,1,0,0,0,0
BV1Fsf5YFEdt,2025-03-21,0,0,0,0,0,0,0,0,1
BV1Fsf5YFEdt,2025-03-26,1,0,0,0,0,0,0,0,1
BV1Fsf5YFEdt,2025-03-29,0,0,0,0,0,0,0,0,1
BV1Fsf5YFEdt,2025-03-31,0,0,0,0,0,0,0,0,2
BV1Fsf5YFEdt,2025-04-01,0,0,0,0,0,0,0,0,1
BV1Fsf5YFEdt,2025-04-11,0,0,0,0,0,0,0,0,1
BV1Fsf5YFEdt,2025-04-13,0,0,0,0,0,0,0,0,1
BV1Fsf5YFEdt,2025-04-15,0,0,0,0,0,0,0,0,1
BV1Fsf5YFEdt,2025-04-22,0,0,0,0,1,0,0,0,0
BV1Fsf5YFEdt,2025-04-24,0,0,1,0,0,0,0,0,0
BV1Fsf5YFEdt,2025-04-28,0,0,0,0,0,0,0,0,1
BV1Fsf5YFEdt,2025-04-30,0,1,0,0,0,0,0,0,0
BV1Fsf5YFEdt,2025-05-02,0,0,0,0,1,0,0,0,0
BV1GBtjeFEAa,2024-11-01,0,0,0,1,0,0,0,0,0
BV1GBtjeFEAa,2024-11-03,0,0,0,0,0,0,0,0,1
BV1GBtjeFEAa,2024-11-05,0,0,0,0,0,0,0,0,1
BV1GBtjeFEAa,2024-11-08,0,0,0,0,0,0,0,0,2
BV1GBtjeFEAa,2024-11-11,0,0,0,0,0,0,0,0,1
BV1GBtjeFEAa,2024-11-14,0,1,1,0,0,0,0,0,0
BV1GBtjeFEAa,2024-11-15,0,0,0,0,0,2,0,0,3
BV1GBtjeFEAa,2024-11-16,0,0,0,0,0,0,0,0,2
BV1GBtjeFEAa,2024-11-18,0,0,0,0,1,0,0,0,1
BV1GBtjeFEAa,2024-11-19,0,0,0,1,0,0,0,0,0
BV1GBtjeFEAa,2024-11-20,0,0,1,1,0,0,0,0,0
BV1GBtjeFEAa,2024-11-21,0,0,0,0,3,1,0,0,5
BV1GBtjeFEAa,2024-11-22,0,0,0,0,1,0,0,0,1
BV1GBtjeFEAa,2024-11-23,0,0,0,1,1,0,0,0,2
BV1GBtjeFEAa,2024-11-24,0,0,0,0,0,0,0,0,2
BV1GBtjeFEAa,2024-11-25,0,0,0,0,0,0,0,0,2
BV1GBtjeFEAa,2024-11-26,0,0,0,0,0,0,0,0,1
BV1GBtjeFEAa,2024-11-27,0,0,0,0,1,0,0,0,0
BV1GBtjeFEAa,2024-11-29,0,0,0,1,0,0,0,0,0
BV1GBtjeFEAa,2024-12-01,0,0,0,0,0,0,0,0,2
BV1GBtjeFEAa,2024-12-02,0,0,0,0,0,0,0,0,1
BV1GBtjeFEAa,2024-12-05,0,0,0,2,0,1,0,0,0
BV1GBtjeFEAa,2024-12-06,0,0,0,0,0,0,0,0,2
BV1GBtjeFEAa,2024-12-08,0,0,0,0,0,0,0,0,2
BV1GBtjeFEAa,2024-12-10,0,0,0,0,1,0,0,0,0
BV1GBtjeFEAa,2024-12-11,0,0,0,0,2,0,0,0,0
BV1GBtjeFEAa,2024-12-14,0,1,0,1,2,0,0,0,1
BV1GBtjeFEAa,2024-12-15,0,0,0,0,0,0,0,0,1
BV1GBtjeFEAa,2024-12-16,0,0,0,0,0,0,0,0,1
BV1GBtjeFEAa,2024-12-17,0,0,0,0,0,0,1,0,1
BV1GBtjeFEAa,2024-12-18,0,0,0,0,0,0,0,0,1
BV1GBtjeFEAa,2024-12-19,0,0,0,1,0,0,0,0,2
BV1GBtjeFEAa,2024-12-22,0,0,0,0,0,0,0,0,1
BV1GBtjeFEAa,2024-12-23,0,0,0,0,0,0,0,0,1
BV1GBtjeFEAa,2024-12-25,0,0,0,0,0,0,0,0,1
BV1GBtjeFEAa,2024-12-26,0,1,1,0,0,0,0,0,1
BV1GBtjeFEAa,2024-12-27,0,1,0,0,0,0,0,0,0
BV1GBtjeFEAa,2024-12-28,0,0,0,1,0,0,0,0,0
BV1GBtjeFEAa,2024-12-29,0,0,0,0,0,1,0,0,0
BV1GBtjeFEAa,2024-12-30,0,0,0,1,0,0,0,0,0
BV1GBtjeFEAa,2024-12-31,0,0,0,1,0,0,0,0,0
BV1GBtjeFEAa,2025-01-10,0,0,0,0,0,0,0,0,1
BV1GBtjeFEAa,2025-01-15,0,0,0,0,1,0,0,0,0
BV1GBtjeFEAa,2025-01-22,0,0,0,0,0,0,0,0,1
BV1GBtjeFEAa,2025-01-25,0,1,0,0,0,0,0,0,0
BV1GBtjeFEAa,2025-02-11,0,0,0,0,0,0,0,0,1
BV1GBtjeFEAa,2025-02-13,0,0,0,0,1,0,0,0,0
BV1GBtjeFEAa,2025-03-10,0,0,0,0,0,0,0,0,1
BV1GBtjeFEAa,2025-03-23,0,0,0,0,0,0,0,0,1
BV1GBtjeFEAa,2025-03-26,0,0,0,0,0,0,0,0,1
BV1GBtjeFEAa,2025-04-08,0,0,0,0,0,0,0,0,1
BV1GBtjeFEAa,2025-04-24,0,0,0,0,0,1,1,0,2
BV1GBtjeFEAa,2025-04-26,0,0,0,1,0,0,0,0,1
BV1GBtjeFEAa,2025-04-27,0,0,1,0,0,0,0,0,0
BV1GBtjeFEAa,2025-04-29,0,0,0,0,0,0,0,0,1
BV1GBtjeFEAa,2025-04-30,0,0,0,0,1,0,0,0,1
BV1GBtjeFEAa,2025-05-02,0,0,0,0,0,0,0,0,1
BV1GitUeQEjw,2024-10-05,0,0,2,0,0,0,0,0,2
BV1GitUeQEjw,2024-10-06,1,0,0,0,0,2,0,0,2
BV1GitUeQEjw,2024-10-07,0,0,0,1,0,1,1,0,2
BV1GitUeQEjw,2024-10-08,0,0,0,0,0,2,0,0,4
BV1GitUeQEjw,2024-10-09,0,0,0,0,1,0,0,0,1
BV1GitUeQEjw,2024-10-10,0,0,0,0,0,0,0,0,4
BV1GitUeQEjw,2024-10-11,0,0,1,0,0,1,0,0,1
BV1GitUeQEjw,2024-10-12,0,0,0,0,1,0,0,0,2
BV1GitUeQEjw,2024-10-13,1,0,1,1,1,1,0,0,0
BV1GitUeQEjw,2024-10-14,0,0,1,1,0,0,0,0,1
BV1GitUeQEjw,2024-10-15,1,0,1,0,1,0,0,0,0
BV1GitUeQEjw,2024-10-16,0,0,1,0,0,0,0,0,0
BV1GitUeQEjw,2024-10-17,0,0,1,0,0,0,0,0,2
BV1GitUeQEjw,2024-10-18,0,0,0,0,0,0,2,0,2
BV1GitUeQEjw,2024-10-19,0,0,1,0,0,0,0,0,4
BV1GitUeQEjw,2024-10-20,1,0,0,0,0,0,1,0,0
BV1GitUeQEjw,2024-10-21,0,0,0,0,1,0,0,0,0
BV1GitUeQEjw,2024-10-22,0,0,0,0,0,0,0,0,1
BV1GitUeQEjw,2024-10-23,0,0,0,0,0,0,0,0,1
BV1GitUeQEjw,2024-10-24,1,0,0,0,1,0,0,0,1
BV1GitUeQEjw,2024-10-25,0,0,0,1,0,0,0,0,0
BV1GitUeQEjw,2024-10-26,0,0,0,0,1,0,0,0,0
BV1GitUeQEjw,2024-10-27,0,0,1,1,0,0,0,0,0
BV1GitUeQEjw,2024-10-28,0,0,0,0,0,0,1,0,0
BV1GitUeQEjw,2024-10-31,0,0,0,0,0,0,0,0,1
BV1GitUeQEjw,2024-11-01,0,0,0,0,0,1,0,0,0
BV1GitUeQEjw,2024-11-05,0,0,0,0,0,0,0,0,1
BV1GitUeQEjw,2024-11-06,0,0,0,0,0,0,0,0,1
BV1GitUeQEjw,2024-11-09,1,0,0,1,0,0,0,0,0
BV1GitUeQEjw,2024-11-11,0,0,0,0,0,0,0,0,2
BV1GitUeQEjw,2024-11-12,1,0,0,0,0,0,0,0,0
BV1GitUeQEjw,2024-11-13,0,0,1,0,0,0,0,0,0
BV1GitUeQEjw,2024-11-16,0,0,0,0,0,0,0,0,2
BV1GitUeQEjw,2024-11-18,0,0,1,0,0,0,0,0,1
BV1GitUeQEjw,2024-11-19,0,0,0,0,1,0,0,0,0
BV1GitUeQEjw,2024-11-20,0,0,0,1,0,0,0,0,0
BV1GitUeQEjw,2024-11-24,0,0,0,0,1,0,0,0,0
BV1GitUeQEjw,2024-11-25,0,0,0,0,1,0,0,0,0
BV1GitUeQEjw,2024-11-28,1,0,0,0,0,0,0,0,0
BV1GitUeQEjw,2024-11-29,0,0,0,0,1,0,0,0,0
BV1GitUeQEjw,2024-11-30,0,0,0,0,0,0,0,0,2
BV1GitUeQEjw,2024-12-01,0,0,0,0,0,0,0,0,1
BV1GitUeQEjw,2024-12-04,0,0,0,0,0,0,0,0,1
BV1GitUeQEjw,2024-12-09,0,0,0,0,0,0,0,0,1
BV1GitUeQEjw,2024-12-16,0,0,0,0,1,0,0,0,0
BV1GitUeQEjw,2025-01-03,0,0,0,0,0,0,0,0,1
BV1GitUeQEjw,2025-01-20,0,0,0,0,0,0,0,0,1
BV1GitUeQEjw,2025-01-21,0,0,0,0,0,0,0,0,1
BV1GitUeQEjw,2025-03-05,0,0,0,0,0,0,0,0,1
BV1GitUeQEjw,2025-03-29,1,0,0,0,0,0,0,0,0
BV1J1BQYmEHd,2024-12-13,0,0,1,0,1,0,0,0,0
BV1J1BQYmEHd,2024-12-14,0,1,1,0,0,0,0,0,0
BV1J1BQYmEHd,2024-12-16,0,0,0,0,1,0,1,0,1
BV1J1BQYmEHd,2024-12-17,0,0,0,0,2,0,1,0,0
BV1J1BQYmEHd,2024-12-18,0,0,0,0,0,1,0,0,1
BV1J1BQYmEHd,2024-12-20,0,0,0,0,1,0,0,0,0
BV1J1BQYmEHd,2024-12-21,0,0,0,0,0,0,0,0,1
BV1J1BQYmEHd,2024-12-24,0,0,0,0,2,0,0,0,0
BV1J1BQYmEHd,2024-12-27,0,0,0,0,1,0,0,0,0
BV1J1BQYmEHd,2024-12-28,0,0,0,0,1,0,0,0,1
BV1J1BQYmEHd,2024-12-31,0,0,0,0,0,0,0,0,2
BV1J1BQYmEHd,2025-01-01,0,0,0,0,1,0,0,0,0
BV1J1BQYmEHd,2025-01-05,0,1,0,0,0,0,0,0,0
BV1J1BQYmEHd,2025-01-07,0,0,0,1,0,0,0,0,0
BV1J1BQYmEHd,2025-01-09,0,0,1,0,0,0,0,0,0
BV1J1BQYmEHd,2025-01-16,0,0,0,0,1,0,0,0,0
BV1J1BQYmEHd,2025-01-18,0,0,0,0,0,0,0,0,1
BV1J1BQYmEHd,2025-01-20,0,0,0,0,0,0,0,0,1
BV1J1BQYmEHd,2025-01-21,0,0,0,1,0,0,0,0,0
BV1J1BQYmEHd,2025-01-22,0,0,0,1,0,0,0,0,0
BV1J1BQYmEHd,2025-01-27,0,0,0,0,0,0,0,1,0
BV1J1BQYmEHd,2025-01-28,0,0,0,0,1,0,0,0,0
BV1J1BQYmEHd,2025-01-30,0,0,0,0,1,0,0,0,1
BV1J1BQYmEHd,2025-02-02,0,0,0,0,1,0,0,0,1
BV1J1BQYmEHd,2025-02-04,0,0,0,0,0,0,0,0,3
BV1J1BQYmEHd,2025-02-05,0,0,0,0,1,0,0,1,0
BV1J1BQYmEHd,2025-02-07,0,0,0,0,0,0,0,0,1
BV1J1BQYmEHd,2025-02-09,0,0,0,0,1,0,0,0,1
BV1J1BQYmEHd,2025-02-11,0,0,1,0,0,0,0,0,0
BV1J1BQYmEHd,2025-02-12,0,0,0,0,2,0,0,0,0
BV1J1BQYmEHd,2025-02-15,1,0,0,1,0,0,0,0,0
BV1J1BQYmEHd,2025-02-16,0,0,0,0,2,0,0,0,0
BV1J1BQYmEHd,2025-02-19,0,0,0,1,0,0,0,0,0
BV1J1BQYmEHd,2025-02-20,0,0,1,0,0,0,0,0,1
BV1J1BQYmEHd,2025-02-23,0,0,0,0,1,0,0,0,0
BV1J1BQYmEHd,2025-02-25,0,0,0,0,0,0,0,0,1
BV1J1BQYmEHd,2025-02-27,0,0,1,0,0,1,0,0,0
BV1J1BQYmEHd,2025-02-28,0,0,0,0,0,0,0,0,1
BV1J1BQYmEHd,2025-03-02,0,0,0,0,0,0,0,1,0
BV1J1BQYmEHd,2025-03-04,0,0,0,0,0,1,0,0,1
BV1J1BQYmEHd,2025-03-07,0,0,0,0,1,0,0,0,0
BV1J1BQYmEHd,2025-03-08,0,0,1,0,0,0,0,0,0
BV1J1BQYmEHd,2025-03-10,0,0,0,0,0,0,0,0,1
BV1J1BQYmEHd,2025-03-11,0,0,0,0,1,0,0,0,0
BV1J1BQYmEHd,2025-03-14,0,0,0,1,0,0,0,0,1
BV1J1BQYmEHd,2025-03-15,0,0,0,1,0,1,0,0,0
BV1J1BQYmEHd,2025-03-16,0,0,0,0,1,0,0,0,0
BV1J1BQYmEHd,2025-03-19,0,0,0,0,1,0,0,0,0
BV1J1BQYmEHd,2025-03-21,0,0,0,0,0,0,0,0,1
BV1J1BQYmEHd,2025-03-22,0,0,0,0,3,1,0,0,0
BV1J1BQYmEHd,2025-03-24,0,0,0,0,1,1,0,0,0
BV1J1BQYmEHd,2025-03-26,0,0,0,0,0,0,0,0,1
BV1J1BQYmEHd,2025-03-27,0,0,0,0,0,1,0,0,0
BV1J1BQYmEHd,2025-03-29,0,0,0,0,1,0,0,0,0
BV1J1BQYmEHd,2025-03-30,0,0,0,1,0,0,0,0,0
BV1J1BQYmEHd,2025-04-09,0,1,0,0,0,0,0,0,0
BV1J1BQYmEHd,2025-04-11,0,0,0,0,0,0,0,0,1
BV1J1BQYmEHd,2025-04-12,0,0,0,0,0,0,0,0,1
BV1J1BQYmEHd,2025-04-19,0,0,0,0,0,0,0,0,1
BV1J1BQYmEHd,2025-04-20,0,0,0,0,0,0,0,0,1
BV1J1BQYmEHd,2025-04-21,0,0,0,0,0,0,0,0,1
BV1J1BQYmEHd,2025-04-22,0,0,0,1,0,0,0,0,0
BV1J1BQYmEHd,2025-04-23,0,1,0,0,0,0,0,0,0
BV1J1BQYmEHd,2025-04-25,0,0,0,0,0,0,0,0,2
BV1J1BQYmEHd,2025-04-27,1,0,0,1,0,0,0,0,2
BV1J1BQYmEHd,2025-05-02,0,0,0,0,0,0,1,0,0
BV1J1BQYmEHd,2025-05-03,0,0,0,0,1,0,0,0,0
BV1J1BQYmEHd,2025-05-05,0,0,0,0,1,0,0,0,0
BV1JAfiY9Etm,2025-01-24,3,2,2,2,9,0,1,0,15
BV1JAfiY9Etm,2025-01-25,0,2,4,0,3,2,1,0,9
BV1JAfiY9Etm,2025-01-26,0,1,1,0,2,0,0,0,3
BV1JAfiY9Etm,2025-01-27,0,0,1,0,0,2,0,0,1
BV1JAfiY9Etm,2025-01-28,0,0,0,0,1,0,0,0,1
BV1JAfiY9Etm,2025-01-29,0,0,0,0,2,0,0,0,0
BV1JAfiY9Etm,2025-01-31,0,0,0,1,0,0,0,0,3
BV1JAfiY9Etm,2025-02-01,0,0,1,0,0,0,0,0,1
BV1JAfiY9Etm,2025-02-02,0,1,0,0,0,2,0,0,2
BV1JAfiY9Etm,2025-02-03,0,0,0,0,0,0,0,0,1
BV1JAfiY9Etm,2025-02-07,0,0,0,0,0,0,0,0,1
BV1JAfiY9Etm,2025-02-13,0,0,0,0,1,1,0,0,0
BV1JAfiY9Etm,2025-02-15,0,0,0,0,0,1,0,0,0
BV1JAfiY9Etm,2025-02-16,0,0,0,0,0,0,0,0,1
BV1JAfiY9Etm,2025-02-18,0,0,0,0,0,0,0,0,1
BV1JAfiY9Etm,2025-02-26,0,0,1,0,0,0,0,0,0
BV1JAfiY9Etm,2025-03-01,1,0,0,0,0,0,0,0,0
BV1JAfiY9Etm,2025-03-03,0,1,0,0,0,0,0,0,0
BV1JAfiY9Etm,2025-03-07,0,0,0,0,0,1,0,0,0
BV1JAfiY9Etm,2025-03-09,0,0,0,0,0,1,0,0,0
BV1JAfiY9Etm,2025-03-10,1,0,0,0,0,0,0,0,0
BV1JAfiY9Etm,2025-03-21,0,0,0,0,1,0,0,0,1
BV1JAfiY9Etm,2025-03-23,0,0,0,0,0,0,0,0,1
BV1JAfiY9Etm,2025-04-15,0,0,0,0,0,1,0,0,0
BV1JAfiY9Etm,2025-04-24,0,0,0,0,0,1,0,0,1
BV1MVBCYBEbE,2024-12-12,0,0,1,1,0,0,0,0,1
BV1MVBCYBEbE,2024-12-13,0,0,0,0,0,0,0,0,1
BV1MVBCYBEbE,2024-12-14,0,0,0,0,0,0,1,0,1
BV1MVBCYBEbE,2024-12-15,0,0,0,2,1,0,1,0,2
BV1MVBCYBEbE,2024-12-16,0,0,1,1,1,1,0,0,1
BV1MVBCYBEbE,2024-12-17,0,0,0,0,0,1,0,0,1
BV1MVBCYBEbE,2024-12-18,0,0,0,0,0,0,0,0,3
BV1MVBCYBEbE,2024-12-19,0,0,0,0,2,0,1,0,2
BV1MVBCYBEbE,2024-12-20,0,0,0,0,0,0,0,0,1
BV1MVBCYBEbE,2024-12-21,0,0,0,0,1,0,0,0,3
BV1MVBCYBEbE,2024-12-23,0,0,1,0,0,0,0,0,0
BV1MVBCYBEbE,2024-12-24,0,0,0,0,0,0,0,0,1
BV1MVBCYBEbE,2024-12-26,0,0,0,0,1,0,0,0,0
BV1MVBCYBEbE,2024-12-27,0,0,0,0,0,0,0,0,1
BV1MVBCYBEbE,2024-12-28,0,0,0,0,0,0,0,0,1
BV1MVBCYBEbE,2024-12-29,0,0,0,0,0,1,0,0,1
BV1MVBCYBEbE,2024-12-31,0,0,0,0,0,0,0,0,1
BV1MVBCYBEbE,2025-01-02,0,0,0,0,1,0,0,0,0
BV1MVBCYBEbE,2025-01-05,0,0,1,0,0,0,0,0,0
BV1MVBCYBEbE,2025-01-07,0,0,1,0,0,0,0,0,0
BV1MVBCYBEbE,2025-01-10,0,0,0,0,1,0,0,0,0
BV1MVBCYBEbE,2025-01-16,0,0,0,0,0,0,1,0,0
BV1MVBCYBEbE,2025-01-18,0,0,0,0,0,0,0,0,1
BV1MVBCYBEbE,2025-01-20,0,0,0,0,0,0,0,0,2
BV1MVBCYBEbE,2025-01-21,0,0,0,0,0,0,0,0,2
BV1MVBCYBEbE,2025-01-22,0,0,0,0,0,0,0,0,1
BV1MVBCYBEbE,2025-01-25,0,0,0,0,0,0,1,0,2
BV1MVBCYBEbE,2025-01-28,0,0,0,0,0,0,0,0,1
BV1MVBCYBEbE,2025-01-30,0,0,0,0,0,0,0,0,1
BV1MVBCYBEbE,2025-02-04,0,0,0,1,0,0,0,0,0
BV1MVBCYBEbE,2025-02-07,1,0,0,0,0,0,0,0,0
BV1MVBCYBEbE,2025-02-08,0,0,0,0,0,0,0,0,1
BV1MVBCYBEbE,2025-02-10,0,0,0,0,0,0,1,0,0
BV1MVBCYBEbE,2025-02-11,0,0,0,0,0,0,0,0,1
BV1MVBCYBEbE,2025-02-15,0,0,0,0,0,0,0,0,1
BV1MVBCYBEbE,2025-02-16,0,0,0,0,1,0,0,0,0
BV1MVBCYBEbE,2025-03-08,0,0,1,0,0,0,0,0,1
BV1MVBCYBEbE,2025-03-22,0,0,0,0,0,0,0,0,1
BV1MVBCYBEbE,2025-03-28,0,0,0,0,1,0,0,0,0
BV1MVBCYBEbE,2025-03-31,0,0,0,0,0,0,0,0,1
BV1MVBCYBEbE,2025-04-03,0,0,0,0,0,1,1,0,4
BV1MVBCYBEbE,2025-04-04,0,0,0,0,2,0,1,0,4
BV1MVBCYBEbE,2025-04-05,0,0,0,0,1,0,0,0,2
BV1MVBCYBEbE,2025-04-06,0,0,1,0,0,0,0,0,1
BV1MVBCYBEbE,2025-04-07,0,0,0,0,0,0,0,0,2
BV1MVBCYBEbE,2025-04-09,0,0,0,0,1,0,0,0,0
BV1MVBCYBEbE,2025-04-10,0,0,0,0,1,0,0,0,2
BV1MVBCYBEbE,2025-04-18,0,0,0,0,0,0,0,0,2
BV1MVBCYBEbE,2025-04-21,0,0,0,0,0,0,0,0,1
BV1MVBCYBEbE,2025-04-22,0,0,0,0,0,0,1,0,1
BV1MVBCYBEbE,2025-04-24,0,0,0,0,0,0,0,0,1
BV1MVBCYBEbE,2025-04-26,0,0,0,0,0,0,0,0,1
BV1MVBCYBEbE,2025-04-30,0,0,0,0,1,0,0,0,0
BV1MjLazdE3a,2025-04-25,0,0,1,1,1,4,0,0,9
BV1MjLazdE3a,2025-04-26,1,6,5,1,3,7,2,0,10
BV1MjLazdE3a,2025-04-27,0,1,0,0,1,0,1,0,4
BV1MjLazdE3a,2025-04-28,0,1,3,2,0,2,0,0,4
BV1MjLazdE3a,2025-04-29,1,2,2,0,1,3,0,0,3
BV1MjLazdE3a,2025-04-30,0,1,1,0,0,1,0,0,2
BV1MjLazdE3a,2025-05-01,0,0,2,0,1,1,0,0,0
BV1MjLazdE3a,2025-05-02,0,1,0,0,1,1,0,0,1
BV1MjLazdE3a,2025-05-03,0,0,0,0,0,0,0,0,1
BV1MjLazdE3a,2025-05-04,0,0,1,1,0,0,0,0,0
BV1MjLazdE3a,2025-05-05,0,2,0,0,0,0,0,0,0
BV1MwBjYcEST,2024-12-26,0,0,0,1,0,0,0,1,2
BV1MwBjYcEST,2024-12-27,0,0,0,0,3,0,0,0,1
BV1MwBjYcEST,2024-12-28,0,0,0,2,1,0,0,0,5
BV1MwBjYcEST,2024-12-29,0,1,0,0,0,0,0,0,2
BV1MwBjYcEST,2024-12-30,0,0,0,1,0,0,0,0,0
BV1MwBjYcEST,2024-12-31,1,0,0,0,0,0,0,0,1
BV1MwBjYcEST,2025-01-01,0,0,0,0,0,1,0,0,1
BV1MwBjYcEST,2025-01-02,1,0,0,0,0,0,1,0,0
BV1MwBjYcEST,2025-01-03,0,0,0,0,0,0,1,1,1
BV1MwBjYcEST,2025-01-04,0,0,0,0,3,0,1,0,3
BV1MwBjYcEST,2025-01-05,0,0,0,0,1,0,1,0,2
BV1MwBjYcEST,2025-01-06,0,0,0,0,0,1,0,0,1
BV1MwBjYcEST,2025-01-07,0,0,0,0,3,0,0,0,2
BV1MwBjYcEST,2025-01-08,0,1,1,1,2,0,0,0,3
BV1MwBjYcEST,2025-01-09,0,0,0,1,1,0,0,0,6
BV1MwBjYcEST,2025-01-10,1,0,0,2,0,0,0,0,5
BV1MwBjYcEST,2025-01-12,0,0,0,0,0,0,0,0,1
BV1MwBjYcEST,2025-01-13,0,0,0,0,0,0,1,0,0
BV1MwBjYcEST,2025-01-14,0,0,0,0,0,1,0,0,1
BV1MwBjYcEST,2025-01-16,1,0,0,0,0,0,0,0,0
BV1MwBjYcEST,2025-01-17,0,0,0,0,0,0,0,0,2
BV1MwBjYcEST,2025-01-23,1,0,0,0,0,0,0,0,0
BV1MwBjYcEST,2025-01-24,0,0,0,0,1,0,0,0,0
BV1MwBjYcEST,2025-01-25,0,0,0,0,1,0,0,0,0
BV1MwBjYcEST,2025-01-26,0,0,0,0,0,0,0,0,1
BV1MwBjYcEST,2025-02-03,0,0,0,0,0,0,0,0,1
BV1MwBjYcEST,2025-02-13,0,0,0,0,0,0,0,0,1
BV1MwBjYcEST,2025-02-14,0,0,0,0,1,0,0,0,0
BV1MwBjYcEST,2025-03-01,0,0,0,0,0,0,0,0,2
BV1MwBjYcEST,2025-03-06,0,0,0,0,0,0,0,0,1
BV1MwBjYcEST,2025-03-08,0,0,0,0,0,0,0,0,1
BV1MwBjYcEST,2025-03-13,0,0,0,0,0,0,0,0,1
BV1MwBjYcEST,2025-03-16,0,0,0,0,0,0,1,0,0
BV1MwBjYcEST,2025-03-21,0,0,0,0,0,0,1,0,0
BV1MwBjYcEST,2025-03-22,0,0,0,0,0,0,0,0,1
BV1MwBjYcEST,2025-04-01,0,0,0,0,1,0,0,0,0
BV1MwBjYcEST,2025-04-02,0,0,0,0,0,0,0,0,1
BV1MwBjYcEST,2025-04-10,0,0,0,0,0,0,0,0,1
BV1MwBjYcEST,2025-04-17,0,0,0,0,0,0,0,0,1
BV1MwBjYcEST,2025-04-25,0,0,0,0,0,0,0,0,1
BV1MwBjYcEST,2025-04-26,0,0,0,0,0,0,0,0,1
BV1MwBjYcEST,2025-04-30,0,0,0,0,0,0,0,0,1
BV1NioxYeEpq,2025-03-25,0,0,3,0,0,0,0,0,2
BV1NioxYeEpq,2025-03-26,2,1,0,4,0,1,0,0,14
BV1NioxYeEpq,2025-03-27,0,0,1,1,1,0,1,0,2
BV1NioxYeEpq,2025-03-28,0,0,1,0,0,0,0,0,1
BV1NioxYeEpq,2025-03-29,0,0,0,3,1,1,0,0,3
BV1NioxYeEpq,2025-03-30,0,0,0,0,0,0,0,0,4
BV1NioxYeEpq,2025-03-31,0,0,0,0,0,0,0,0,2
BV1NioxYeEpq,2025-04-01,0,0,0,0,0,0,0,0,2
BV1NioxYeEpq,2025-04-02,0,0,0,0,0,0,0,0,2
BV1NioxYeEpq,2025-04-03,0,0,0,0,2,0,0,0,4
BV1NioxYeEpq,2025-04-04,0,0,0,2,0,0,0,0,0
BV1NioxYeEpq,2025-04-05,0,0,0,0,0,0,0,0,8
BV1NioxYeEpq,2025-04-06,0,0,0,0,0,0,0,0,2
BV1NioxYeEpq,2025-04-09,0,0,0,2,0,0,0,0,0
BV1NioxYeEpq,2025-04-13,0,0,0,0,0,0,0,0,2
BV1NioxYeEpq,2025-04-14,0,0,0,2,0,0,0,0,0
BV1NioxYeEpq,2025-04-15,2,0,0,0,0,0,0,0,0
BV1NioxYeEpq,2025-04-21,0,0,0,2,0,0,0,0,0
BV1NyAceCENE,2025-02-19,0,0,0,0,2,0,0,1,2
BV1NyAceCENE,2025-02-20,2,0,0,1,5,1,0,0,13
BV1NyAceCENE,2025-02-21,2,0,1,1,3,0,0,1,6
BV1NyAceCENE,2025-02-22,0,0,1,1,1,1,0,0,11
BV1NyAceCENE,2025-02-23,3,0,1,2,2,0,0,0,2
BV1NyAceCENE,2025-02-24,1,0,1,0,2,0,0,0,3
BV1NyAceCENE,2025-02-25,1,0,1,0,0,0,0,0,0
BV1NyAceCENE,2025-02-26,0,0,0,2,1,1,0,0,2
BV1NyAceCENE,2025-02-27,0,0,0,0,1,0,0,0,3
BV1NyAceCENE,2025-02-28,0,0,0,1,0,0,0,0,0
BV1NyAceCENE,2025-03-01,0,1,0,1,1,0,0,0,0
BV1NyAceCENE,2025-03-02,0,0,0,0,0,0,0,0,1
BV1NyAceCENE,2025-03-03,0,0,0,0,1,0,0,0,0
BV1NyAceCENE,2025-03-08,0,0,0,0,0,0,0,0,1
BV1NyAceCENE,2025-03-13,0,0,0,0,0,0,0,0,1
BV1NyAceCENE,2025-03-16,0,0,0,0,0,0,0,0,1
BV1NyAceCENE,2025-03-17,0,1,0,0,0,0,0,0,0
BV1NyAceCENE,2025-03-30,0,0,0,0,0,0,0,0,1
BV1NyAceCENE,2025-04-03,0,0,0,0,0,0,0,0,1
BV1NyAceCENE,2025-04-08,0,0,0,0,0,0,0,0,1
BV1NyAceCENE,2025-04-14,0,0,0,0,0,0,0,0,1
BV1NyAceCENE,2025-04-19,0,0,0,0,0,0,1,0,0
BV1Pac2eaEBr,2025-02-09,0,0,0,0,0,1,1,0,2
BV1Pac2eaEBr,2025-02-10,0,0,0,1,1,0,0,0,1
BV1Pac2eaEBr,2025-02-11,0,0,0,0,0,0,0,0,2
BV1Pac2eaEBr,2025-02-12,0,0,0,0,0,0,0,0,3
BV1Pac2eaEBr,2025-02-13,0,0,0,0,0,0,0,0,1
BV1Pac2eaEBr,2025-02-17,0,0,0,0,0,1,0,0,0
BV1Pac2eaEBr,2025-02-19,0,0,0,0,1,0,0,0,1
BV1Pac2eaEBr,2025-02-21,0,0,0,0,0,1,0,0,1
BV1Pac2eaEBr,2025-02-22,0,0,0,0,0,0,0,0,3
BV1Pac2eaEBr,2025-02-23,0,0,1,0,1,1,0,0,1
BV1Pac2eaEBr,2025-02-25,0,0,0,0,0,0,0,0,1
BV1Pac2eaEBr,2025-02-27,1,0,0,1,0,0,0,0,0
BV1Pac2eaEBr,2025-03-01,0,0,0,1,0,0,0,0,0
BV1Pac2eaEBr,2025-03-04,0,0,0,0,0,0,0,0,1
BV1Pac2eaEBr,2025-03-05,0,0,0,0,0,0,0,0,1
BV1Pac2eaEBr,2025-03-06,0,0,0,0,0,0,0,0,1
BV1Pac2eaEBr,2025-03-08,0,0,0,0,1,0,0,1,1
BV1Pac2eaEBr,2025-03-10,0,0,0,0,0,0,0,0,1
BV1Pac2eaEBr,2025-03-11,0,0,0,0,0,0,1,0,0
BV1Pac2eaEBr,2025-03-12,1,0,0,1,0,0,0,0,0
BV1Pac2eaEBr,2025-03-14,0,0,0,1,0,0,0,0,3
BV1Pac2eaEBr,2025-03-15,0,0,0,0,0,1,0,0,0
BV1Pac2eaEBr,2025-03-18,0,0,0,0,1,0,0,0,0
BV1Pac2eaEBr,2025-03-19,0,0,0,0,0,0,0,0,1
BV1Pac2eaEBr,2025-03-20,0,0,0,1,1,0,0,0,0
BV1Pac2eaEBr,2025-03-21,0,0,0,0,0,0,0,0,1
BV1Pac2eaEBr,2025-03-23,0,0,0,0,0,0,0,1,0
BV1Pac2eaEBr,2025-03-24,0,0,0,0,0,0,0,0,3
BV1Pac2eaEBr,2025-03-28,0,0,0,0,0,0,0,0,1
BV1Pac2eaEBr,2025-03-29,0,0,0,0,0,1,0,0,0
BV1Pac2eaEBr,2025-03-31,0,0,0,0,0,0,0,0,1
BV1Pac2eaEBr,2025-04-03,0,0,1,0,0,0,0,0,1
BV1Pac2eaEBr,2025-04-04,1,0,0,1,1,0,0,0,2
BV1Pac2eaEBr,2025-04-05,0,0,0,0,0,0,0,0,3
BV1Pac2eaEBr,2025-04-09,0,0,0,0,0,0,0,0,1
BV1Pac2eaEBr,2025-04-10,0,0,0,0,0,0,0,0,1
BV1Pac2eaEBr,2025-04-11,0,0,0,1,0,1,0,0,1
BV1Pac2eaEBr,2025-04-12,0,0,0,0,0,1,0,0,2
BV1Pac2eaEBr,2025-04-13,0,0,0,0,1,0,0,0,1
BV1Pac2eaEBr,2025-04-14,0,0,0,1,0,0,0,0,3
BV1Pac2eaEBr,2025-04-19,0,0,0,0,0,0,1,0,0
BV1Pac2eaEBr,2025-04-20,0,0,0,0,1,0,0,1,2
BV1Pac2eaEBr,2025-04-23,0,0,0,0,1,0,0,0,0
BV1Pac2eaEBr,2025-04-24,0,0,0,1,0,0,0,0,0
BV1Pac2eaEBr,2025-04-26,0,0,0,0,1,0,0,0,1
BV1Pac2eaEBr,2025-04-28,0,0,0,0,1,0,0,0,1
BV1Pac2eaEBr,2025-04-29,0,0,0,1,0,0,0,0,0
BV1Pac2eaEBr,2025-04-30,0,0,0,1,0,0,0,0,0
BV1Pac2eaEBr,2025-05-02,0,0,0,0,0,1,0,0,0
BV1Pac2eaEBr,2025-05-03,0,0,0,1,0,0,0,0,2
BV1Pac2eaEBr,2025-05-04,0,0,0,0,1,0,0,0,0
BV1Pac2eaEBr,2025-05-05,0,0,0,0,0,0,0,0,1
BV1Pac2eaEBr,2025-05-06,0,1,0,0,0,0,0,0,0
BV1PeLmz8EwK,2025-04-30,2,2,2,6,6,3,0,0,26
BV1PeLmz8EwK,2025-05-01,2,2,0,4,0,0,0,0,8
BV1PeLmz8EwK,2025-05-02,1,4,1,2,1,0,0,0,1
BV1PeLmz8EwK,2025-05-03,0,0,1,2,0,0,0,0,2
BV1PeLmz8EwK,2025-05-04,1,0,0,3,2,1,0,0,1
BV1PeLmz8EwK,2025-05-05,2,3,0,2,0,0,0,0,6
BV1PeLmz8EwK,2025-05-06,0,0,0,0,1,0,0,0,0
BV1Y92dYTEgu,2024-10-16,0,0,0,1,0,1,0,0,0
BV1Y92dYTEgu,2024-10-17,1,0,1,3,1,2,0,0,4
BV1Y92dYTEgu,2024-10-18,1,1,0,3,3,0,0,0,0
BV1Y92dYTEgu,2024-10-19,0,0,0,3,3,0,0,0,0
BV1Y92dYTEgu,2024-10-20,0,0,0,0,0,0,0,0,1
BV1Y92dYTEgu,2024-10-21,1,0,1,5,2,4,0,0,0
BV1Y92dYTEgu,2024-10-22,0,0,2,0,0,0,0,0,1
BV1Y92dYTEgu,2024-10-24,0,0,0,1,0,1,0,0,0
BV1Y92dYTEgu,2024-10-25,0,0,0,0,0,1,1,0,0
BV1Y92dYTEgu,2024-10-26,0,1,1,1,2,0,0,0,0
BV1Y92dYTEgu,2024-10-27,0,0,0,1,0,0,0,0,0
BV1Y92dYTEgu,2024-10-28,0,0,0,1,0,0,0,0,0
BV1Y92dYTEgu,2024-10-29,0,0,0,0,0,1,0,0,1
BV1Y92dYTEgu,2024-10-30,0,0,0,0,1,0,1,0,1
BV1Y92dYTEgu,2024-11-01,0,0,0,0,1,0,0,0,1
BV1Y92dYTEgu,2024-11-02,0,0,0,0,2,0,0,0,0
BV1Y92dYTEgu,2024-11-03,0,0,0,0,0,0,0,0,2
BV1Y92dYTEgu,2024-11-04,0,0,0,0,0,1,0,0,0
BV1Y92dYTEgu,2024-11-05,0,0,0,1,0,1,0,0,0
BV1Y92dYTEgu,2024-11-06,0,0,0,0,1,0,0,0,0
BV1Y92dYTEgu,2024-11-07,0,0,1,0,0,0,0,0,0
BV1Y92dYTEgu,2024-11-08,0,0,0,0,2,0,0,0,0
BV1Y92dYTEgu,2024-11-10,0,0,1,0,0,1,0,0,0
BV1Y92dYTEgu,2024-11-12,0,0,1,0,0,0,0,0,0
BV1Y92dYTEgu,2024-11-14,0,0,0,0,0,1,0,0,1
BV1Y92dYTEgu,2024-11-15,0,0,2,0,1,0,0,0,0
BV1Y92dYTEgu,2024-11-16,0,0,0,0,2,0,0,0,0
BV1Y92dYTEgu,2024-11-17,0,0,0,1,0,0,0,0,0
BV1Y92dYTEgu,2024-11-19,0,0,0,0,0,1,0,0,0
BV1Y92dYTEgu,2024-11-22,0,0,0,0,0,0,0,0,1
BV1Y92dYTEgu,2024-11-25,0,0,0,0,0,0,0,0,1
BV1Y92dYTEgu,2024-12-11,0,0,1,0,0,0,0,0,0
BV1Y92dYTEgu,2024-12-17,0,0,0,0,0,0,0,0,1
BV1Y92dYTEgu,2024-12-21,0,0,0,0,0,0,0,0,1
BV1Y92dYTEgu,2025-01-05,0,0,0,0,0,0,0,0,1
BV1Y92dYTEgu,2025-01-12,0,0,0,0,1,0,0,0,0
BV1Y92dYTEgu,2025-01-16,0,0,1,0,0,0,0,0,0
BV1Y92dYTEgu,2025-01-29,0,0,0,0,0,1,0,0,0
BV1Y92dYTEgu,2025-02-05,0,0,0,0,1,0,0,0,0
BV1Y92dYTEgu,2025-02-10,0,0,0,0,0,0,0,0,1
BV1Y92dYTEgu,2025-02-28,0,0,0,1,0,0,0,0,0
BV1Y92dYTEgu,2025-04-24,0,0,0,0,0,0,0,0,1
BV1ZgpneKEWQ,2024-10-04,0,0,0,0,1,0,0,0,0
BV1ZgpneKEWQ,2024-10-05,1,0,2,2,1,3,2,0,16
BV1ZgpneKEWQ,2024-10-06,1,0,0,1,1,0,0,0,11
BV1ZgpneKEWQ,2024-10-07,1,0,0,0,0,0,0,0,4
BV1ZgpneKEWQ,2024-10-12,0,0,0,1,0,0,0,0,1
BV1ZgpneKEWQ,2024-10-14,0,0,0,0,0,0,1,0,2
BV1ZgpneKEWQ,2024-10-16,0,0,0,1,0,0,0,0,0
BV1ZgpneKEWQ,2024-10-19,1,0,0,0,0,0,0,0,2
BV1ZgpneKEWQ,2024-10-20,0,0,0,0,0,0,0,0,1
BV1ZgpneKEWQ,2024-10-21,0,0,0,0,0,0,0,0,1
BV1ZgpneKEWQ,2024-10-25,0,0,0,0,0,0,0,0,1
BV1ZgpneKEWQ,2024-10-26,1,0,0,0,0,0,0,0,1
BV1ZgpneKEWQ,2024-10-27,0,0,0,0,0,0,0,0,1
BV1ZgpneKEWQ,2024-10-31,0,0,0,0,0,0,0,0,1
BV1ZgpneKEWQ,2024-11-01,0,0,0,0,0,0,0,0,1
BV1ZgpneKEWQ,2024-11-04,0,0,0,0,0,0,0,0,1
BV1ZgpneKEWQ,2024-11-07,0,0,0,0,1,0,0,0,0
BV1ZgpneKEWQ,2024-11-17,0,0,0,0,0,0,0,0,1
BV1ZgpneKEWQ,2024-11-18,1,0,0,0,0,0,0,0,1
BV1ZgpneKEWQ,2024-11-22,0,0,0,0,0,0,0,0,1
BV1ZgpneKEWQ,2024-11-23,0,0,0,1,0,0,0,0,0
BV1ZgpneKEWQ,2024-11-29,0,1,0,0,0,0,0,0,0
BV1ZgpneKEWQ,2024-12-01,0,0,0,0,0,0,0,0,1
BV1ZgpneKEWQ,2024-12-08,0,0,0,0,0,0,0,0,1
BV1ZgpneKEWQ,2024-12-15,0,0,0,0,0,0,1,0,0
BV1ZgpneKEWQ,2024-12-21,0,0,0,0,1,0,0,0,0
BV1ZgpneKEWQ,2024-12-22,0,0,0,0,0,0,0,0,1
BV1ZgpneKEWQ,2025-01-05,0,0,0,0,0,0,0,0,1
BV1ZgpneKEWQ,2025-01-15,0,0,0,0,0,0,1,0,0
BV1ZgpneKEWQ,2025-01-25,0,0,0,0,0,1,0,0,0
BV1ZgpneKEWQ,2025-01-27,0,0,0,0,0,0,0,0,1
BV1ZgpneKEWQ,2025-01-30,0,0,0,0,0,0,0,0,1
BV1ZgpneKEWQ,2025-02-04,0,0,0,0,1,0,0,0,1
BV1ZgpneKEWQ,2025-02-06,0,0,0,0,0,0,0,0,1
BV1ZgpneKEWQ,2025-02-08,0,0,0,0,1,0,0,0,1
BV1ZgpneKEWQ,2025-02-09,0,0,0,0,1,0,0,0,0
BV1ZgpneKEWQ,2025-02-10,0,0,0,0,0,0,1,0,1
BV1ZgpneKEWQ,2025-02-11,0,0,0,0,0,0,0,0,1
BV1ZgpneKEWQ,2025-02-14,0,0,0,0,0,0,0,0,1
BV1ZgpneKEWQ,2025-02-17,1,0,0,0,0,0,0,0,0
BV1ZgpneKEWQ,2025-03-02,0,0,0,0,0,0,0,0,1
BV1ZgpneKEWQ,2025-03-04,1,0,0,0,0,0,0,0,0
BV1ZgpneKEWQ,2025-03-16,0,0,0,0,0,0,0,0,1
BV1ZgpneKEWQ,2025-03-19,0,0,0,0,0,0,0,0,1
BV1ZgpneKEWQ,2025-03-27,0,0,0,0,0,0,0,0,1
BV1ZgpneKEWQ,2025-04-04,0,0,0,0,0,0,0,0,1
BV1ZgpneKEWQ,2025-04-16,0,0,0,1,0,0,0,0,0
BV1a9c2ejE5c,2025-02-07,0,0,1,0,0,0,0,0,2
BV1a9c2ejE5c,2025-02-08,0,0,1,2,1,1,1,0,1
BV1a9c2ejE5c,2025-02-09,1,0,0,0,1,0,1,0,4
BV1a9c2ejE5c,2025-02-10,0,0,0,0,1,1,0,0,0
BV1a9c2ejE5c,2025-02-11,0,0,0,0,1,0,0,0,1
BV1a9c2ejE5c,2025-02-13,0,0,0,1,0,0,0,0,1
BV1a9c2ejE5c,2025-02-15,0,0,0,0,1,0,0,0,0
BV1a9c2ejE5c,2025-02-16,0,0,1,0,0,0,0,0,1
BV1a9c2ejE5c,2025-02-18,0,0,0,0,1,0,0,0,0
BV1a9c2ejE5c,2025-02-21,0,0,0,1,1,0,0,0,1
BV1a9c2ejE5c,2025-02-22,0,0,0,0,0,1,0,0,0
BV1a9c2ejE5c,2025-02-23,0,0,0,0,1,0,0,0,0
BV1a9c2ejE5c,2025-02-24,0,0,0,0,1,0,0,0,0
BV1a9c2ejE5c,2025-02-25,0,0,0,0,1,0,0,0,0
BV1a9c2ejE5c,2025-02-26,0,0,0,0,0,1,0,0,0
BV1a9c2ejE5c,2025-02-28,0,0,0,0,1,0,0,0,0
BV1a9c2ejE5c,2025-03-02,0,0,0,0,2,0,0,0,0
BV1a9c2ejE5c,2025-03-03,0,0,0,1,0,0,0,0,0
BV1a9c2ejE5c,2025-03-05,0,0,0,0,1,1,0,0,0
BV1a9c2ejE5c,2025-03-07,0,0,0,0,0,0,0,0,1
BV1a9c2ejE5c,2025-03-09,1,0,0,0,0,0,0,0,0
BV1a9c2ejE5c,2025-03-10,0,0,0,0,0,0,0,0,2
BV1a9c2ejE5c,2025-03-11,0,0,0,0,0,0,0,0,1
BV1a9c2ejE5c,2025-03-12,0,0,1,0,0,0,0,0,0
BV1a9c2ejE5c,2025-03-13,0,0,0,0,1,0,0,0,0
BV1a9c2ejE5c,2025-03-16,0,0,0,0,0,0,0,0,1
BV1a9c2ejE5c,2025-03-18,0,0,0,0,0,0,1,0,0
BV1a9c2ejE5c,2025-03-19,0,0,0,0,0,0,0,0,1
BV1a9c2ejE5c,2025-03-20,0,1,0,0,2,0,0,0,0
BV1a9c2ejE5c,2025-03-21,0,0,0,0,0,1,0,0,1
BV1a9c2ejE5c,2025-03-22,0,0,0,0,0,0,1,0,2
BV1a9c2ejE5c,2025-03-23,0,1,0,0,0,0,0,0,1
BV1a9c2ejE5c,2025-03-24,0,0,0,0,0,0,0,0,1
BV1a9c2ejE5c,2025-03-25,0,0,0,0,0,0,0,0,1
BV1a9c2ejE5c,2025-03-26,0,0,0,0,1,1,0,0,0
BV1a9c2ejE5c,2025-03-27,0,0,0,1,0,0,0,0,1
BV1a9c2ejE5c,2025-03-28,0,0,0,0,0,1,0,0,0
BV1a9c2ejE5c,2025-03-29,0,0,0,0,0,0,0,0,1
BV1a9c2ejE5c,2025-03-30,0,0,0,1,0,0,0,0,0
BV1a9c2ejE5c,2025-04-01,0,0,0,1,0,0,0,0,0
BV1a9c2ejE5c,2025-04-02,0,0,0,1,0,0,0,0,0
BV1a9c2ejE5c,2025-04-03,0,0,0,0,0,1,0,0,0
BV1a9c2ejE5c,2025-04-05,0,0,0,0,1,0,0,0,1
BV1a9c2ejE5c,2025-04-08,0,0,0,0,0,0,0,0,1
BV1a9c2ejE5c,2025-04-10,0,0,0,0,1,0,0,0,0
BV1a9c2ejE5c,2025-04-11,1,0,0,0,0,1,0,0,1
BV1a9c2ejE5c,2025-04-12,0,0,0,0,1,0,0,0,1
BV1a9c2ejE5c,2025-04-14,0,0,1,1,0,0,0,0,0
BV1a9c2ejE5c,2025-04-16,0,0,0,0,1,0,0,0,0
BV1a9c2ejE5c,2025-04-19,0,0,0,1,0,0,0,0,0
BV1a9c2ejE5c,2025-04-20,0,0,0,0,1,0,0,0,1
BV1a9c2ejE5c,2025-04-21,0,0,0,0,0,0,0,0,1
BV1a9c2ejE5c,2025-04-22,0,0,0,0,1,0,0,0,0
BV1a9c2ejE5c,2025-04-24,0,0,0,1,0,1,0,0,0
BV1a9c2ejE5c,2025-04-27,0,0,0,0,1,0,0,0,0
BV1a9c2ejE5c,2025-04-30,0,0,0,0,0,1,0,0,2
BV1a9c2ejE5c,2025-05-01,0,0,0,0,0,0,0,0,1
BV1a9c2ejE5c,2025-05-02,0,0,0,0,0,1,0,0,0
BV1a9c2ejE5c,2025-05-03,0,0,0,0,0,0,0,0,1
BV1a9c2ejE5c,2025-05-05,0,0,0,0,0,0,0,0,1
BV1aNtCeqER3,2024-09-27,0,1,0,1,1,1,0,0,1
BV1aNtCeqER3,2024-09-28,0,1,0,1,1,4,0,1,1
BV1aNtCeqER3,2024-09-29,0,0,1,1,2,0,0,0,5
BV1aNtCeqER3,2024-09-30,0,0,1,2,1,1,0,0,4
BV1aNtCeqER3,2024-10-01,0,0,0,1,3,1,0,0,7
BV1aNtCeqER3,2024-10-02,0,0,1,0,1,3,0,0,1
BV1aNtCeqER3,2024-10-03,0,1,0,0,1,1,0,0,1
BV1aNtCeqER3,2024-10-04,0,0,1,0,0,1,0,0,0
BV1aNtCeqER3,2024-10-05,1,0,1,0,0,0,1,0,2
BV1aNtCeqER3,2024-10-06,0,0,0,0,0,0,0,0,4
BV1aNtCeqER3,2024-10-07,0,0,0,0,0,0,0,0,2
BV1aNtCeqER3,2024-10-08,0,0,0,1,0,0,1,0,0
BV1aNtCeqER3,2024-10-09,0,0,0,0,2,0,0,0,1
BV1aNtCeqER3,2024-10-10,0,0,1,0,0,0,0,0,0
BV1aNtCeqER3,2024-10-11,0,0,0,0,0,0,0,0,1
BV1aNtCeqER3,2024-10-12,0,2,0,1,0,0,0,0,0
BV1aNtCeqER3,2024-10-13,0,0,0,0,1,0,0,0,1
BV1aNtCeqER3,2024-10-14,0,0,0,0,0,0,0,0,1
BV1aNtCeqER3,2024-10-15,0,0,0,0,0,0,0,0,1
BV1aNtCeqER3,2024-10-16,0,0,0,0,0,1,0,0,1
BV1aNtCeqER3,2024-10-17,0,1,0,0,0,0,0,0,1
BV1aNtCeqER3,2024-10-19,0,0,0,0,0,0,0,0,1
BV1aNtCeqER3,2024-10-26,0,0,0,0,0,0,0,0,1
BV1aNtCeqER3,2024-10-30,0,0,0,0,0,0,1,0,0
BV1aNtCeqER3,2024-11-06,0,0,0,0,0,0,0,0,1
BV1aNtCeqER3,2024-11-09,0,0,0,0,0,0,0,0,1
BV1aNtCeqER3,2024-11-24,0,0,0,0,1,0,0,0,0
BV1aNtCeqER3,2024-11-25,0,0,0,0,1,0,0,0,0
BV1aNtCeqER3,2024-12-25,0,0,0,0,0,0,0,0,1
BV1aNtCeqER3,2025-01-06,0,0,0,0,0,1,0,0,0
BV1aNtCeqER3,2025-01-14,0,0,0,0,0,0,0,0,1
BV1aNtCeqER3,2025-01-26,0,0,0,0,0,0,0,0,1
BV1aNtCeqER3,2025-02-06,0,0,0,0,0,0,0,0,1
BV1aNtCeqER3,2025-02-09,0,0,0,0,0,0,1,0,0
BV1aNtCeqER3,2025-03-15,0,0,0,0,1,0,0,0,0
BV1aNtCeqER3,2025-04-13,0,0,0,0,0,0,0,0,1
BV1awLEzZEhx,2025-04-26,0,1,6,1,2,7,1,0,23
BV1awLEzZEhx,2025-04-27,0,0,3,4,4,7,0,0,7
BV1awLEzZEhx,2025-04-28,0,1,2,1,0,3,1,1,11
BV1awLEzZEhx,2025-04-29,0,1,0,0,1,2,0,0,2
BV1awLEzZEhx,2025-04-30,0,0,0,1,0,0,0,0,1
BV1awLEzZEhx,2025-05-01,1,0,0,0,0,0,0,0,0
BV1awLEzZEhx,2025-05-03,0,0,0,1,0,0,0,0,0
BV1awLEzZEhx,2025-05-04,0,0,0,0,0,0,0,0,1
BV1awLEzZEhx,2025-05-05,0,0,0,0,0,0,0,0,1
BV1awLEzZEhx,2025-05-06,0,0,0,1,0,0,0,0,1
BV1b9ChYJEbY,2024-12-29,4,2,1,10,17,4,0,0,17
BV1b9ChYJEbY,2024-12-30,0,1,3,6,7,2,0,1,5
BV1b9ChYJEbY,2024-12-31,0,0,1,2,0,1,0,0,3
BV1b9ChYJEbY,2025-01-01,0,0,0,1,0,0,0,0,0
BV1b9ChYJEbY,2025-01-02,0,0,0,0,0,0,0,0,1
BV1b9ChYJEbY,2025-01-09,0,0,0,1,0,0,0,0,0
BV1b9ChYJEbY,2025-01-10,0,0,0,0,1,0,0,0,1
BV1b9ChYJEbY,2025-01-11,0,0,0,0,0,0,0,0,1
BV1b9ChYJEbY,2025-01-17,0,0,0,0,1,0,0,0,0
BV1b9ChYJEbY,2025-01-23,1,0,0,1,1,0,0,1,1
BV1bRZWYiEmb,2025-04-05,1,1,2,1,1,1,1,0,2
BV1bRZWYiEmb,2025-04-06,2,3,1,4,2,2,1,0,9
BV1bRZWYiEmb,2025-04-07,0,2,3,1,1,2,1,0,12
BV1bRZWYiEmb,2025-04-08,1,1,1,3,0,4,1,0,2
BV1bRZWYiEmb,2025-04-09,0,0,1,0,0,1,0,0,0
BV1bRZWYiEmb,2025-04-10,0,1,1,0,0,0,0,0,0
BV1bRZWYiEmb,2025-04-12,0,0,0,0,0,3,1,0,2
BV1bRZWYiEmb,2025-04-13,0,1,1,1,0,1,0,0,2
BV1bRZWYiEmb,2025-04-14,0,0,0,0,0,1,0,0,1
BV1bRZWYiEmb,2025-04-15,0,0,0,0,1,2,0,0,0
BV1bRZWYiEmb,2025-04-16,0,0,0,0,1,0,0,0,0
BV1bRZWYiEmb,2025-04-17,0,1,0,0,0,0,0,0,0
BV1bRZWYiEmb,2025-04-18,0,0,0,1,0,1,0,0,1
BV1bRZWYiEmb,2025-04-19,1,0,0,0,0,0,0,0,0
BV1bRZWYiEmb,2025-04-20,2,0,0,0,0,0,0,0,0
BV1bRZWYiEmb,2025-04-21,0,0,0,0,0,0,0,0,1
BV1bRZWYiEmb,2025-04-22,0,0,0,0,0,0,0,0,1
BV1bUxLe2EgS,2024-09-28,0,1,0,0,1,3,0,0,4
BV1bUxLe2EgS,2024-09-29,1,0,0,3,1,0,0,0,3
BV1bUxLe2EgS,2024-09-30,0,0,0,1,2,0,1,0,1
BV1bUxLe2EgS,2024-10-01,0,0,0,1,2,0,0,0,0
BV1bUxLe2EgS,2024-10-02,0,1,0,0,2,1,1,0,1
BV1bUxLe2EgS,2024-10-03,0,1,0,1,0,0,0,0,1
BV1bUxLe2EgS,2024-10-04,0,0,0,0,0,0,0,0,3
BV1bUxLe2EgS,2024-10-05,0,0,1,1,0,0,0,0,2
BV1bUxLe2EgS,2024-10-06,0,0,0,0,0,1,0,0,0
BV1bUxLe2EgS,2024-10-07,1,0,0,0,1,2,0,0,2
BV1bUxLe2EgS,2024-10-10,0,0,0,2,0,0,0,0,0
BV1bUxLe2EgS,2024-10-13,0,1,0,0,0,0,1,0,0
BV1bUxLe2EgS,2024-10-14,0,0,0,3,0,0,0,0,0
BV1bUxLe2EgS,2024-10-16,0,0,1,0,0,0,0,0,0
BV1bUxLe2EgS,2024-10-17,0,1,0,0,0,0,0,0,0
BV1bUxLe2EgS,2024-10-19,0,0,0,1,0,0,0,0,0
BV1bUxLe2EgS,2024-10-20,0,0,0,0,0,0,0,0,2
BV1bUxLe2EgS,2024-10-21,0,0,0,0,1,0,0,0,0
BV1bUxLe2EgS,2024-10-22,0,0,0,0,0,0,0,0,1
BV1bUxLe2EgS,2024-10-23,0,0,0,0,0,0,0,1,0
BV1bUxLe2EgS,2024-10-27,0,1,0,0,0,0,1,0,0
BV1bUxLe2EgS,2024-10-31,0,0,1,0,0,0,0,0,1
BV1bUxLe2EgS,2024-11-05,0,0,0,0,0,1,0,0,0
BV1bUxLe2EgS,2024-11-08,0,0,0,0,1,0,0,0,0
BV1bUxLe2EgS,2024-11-09,0,0,0,1,0,1,0,0,0
BV1bUxLe2EgS,2024-11-16,0,0,0,1,0,0,0,0,0
BV1bUxLe2EgS,2024-11-20,0,1,0,0,0,0,0,0,0
BV1bUxLe2EgS,2024-11-23,0,0,0,0,0,1,0,0,0
BV1bUxLe2EgS,2024-11-24,0,0,0,0,0,0,1,0,0
BV1bUxLe2EgS,2024-11-29,0,0,0,0,0,0,0,0,1
BV1bUxLe2EgS,2024-12-01,0,0,0,1,0,0,0,0,0
BV1bUxLe2EgS,2024-12-02,1,0,1,0,0,0,0,0,0
BV1bUxLe2EgS,2024-12-03,0,0,0,0,0,0,0,0,1
BV1bUxLe2EgS,2024-12-09,0,0,0,0,0,0,0,0,1
BV1bUxLe2EgS,2024-12-10,0,0,0,0,0,0,0,0,1
BV1bUxLe2EgS,2024-12-19,0,0,0,1,0,0,0,0,0
BV1bUxLe2EgS,2024-12-22,0,1,0,0,0,0,0,0,0
BV1bUxLe2EgS,2024-12-27,0,0,0,0,0,1,0,0,0
BV1bUxLe2EgS,2025-01-01,0,0,0,1,0,0,0,0,0
BV1bUxLe2EgS,2025-01-03,0,0,0,0,1,0,0,0,0
BV1bUxLe2EgS,2025-01-04,0,0,0,0,1,0,0,0,0
BV1bUxLe2EgS,2025-01-10,0,0,0,0,0,0,0,0,1
BV1bUxLe2EgS,2025-01-13,0,0,0,0,1,0,0,0,0
BV1bUxLe2EgS,2025-01-17,1,0,0,0,0,0,0,0,0
BV1bUxLe2EgS,2025-01-19,0,0,0,0,0,0,0,0,1
BV1bUxLe2EgS,2025-02-06,0,0,0,0,0,1,0,0,0
BV1bUxLe2EgS,2025-02-11,0,0,1,0,0,0,0,0,0
BV1bUxLe2EgS,2025-02-18,0,0,0,0,0,1,0,0,0
BV1bUxLe2EgS,2025-03-11,0,0,0,0,0,0,0,0,1
BV1bUxLe2EgS,2025-04-03,0,0,0,0,0,0,0,0,1
BV1bUxLe2EgS,2025-04-12,0,0,0,0,0,1,0,0,0
BV1bUxLe2EgS,2025-04-15,0,0,0,1,0,0,0,0,0
BV1bUxLe2EgS,2025-04-27,1,0,0,0,0,0,0,0,0
BV1beQ6YYESq,2025-03-30,0,0,0,0,0,1,0,0,1
BV1beQ6YYESq,2025-03-31,0,0,1,0,1,0,0,0,3
BV1beQ6YYESq,2025-04-01,0,0,0,1,0,0,0,0,0
BV1beQ6YYESq,2025-04-02,0,0,0,1,0,0,0,0,2
BV1beQ6YYESq,2025-04-03,0,1,0,0,1,1,0,0,2
BV1beQ6YYESq,2025-04-04,0,0,0,0,0,0,0,1,2
BV1beQ6YYESq,2025-04-05,1,1,0,0,1,1,0,0,5
BV1beQ6YYESq,2025-04-06,0,0,1,0,1,2,0,1,1
BV1beQ6YYESq,2025-04-07,1,0,1,0,0,0,0,0,3
BV1beQ6YYESq,2025-04-08,1,0,1,0,0,1,0,0,1
BV1beQ6YYESq,2025-04-09,1,0,0,0,0,1,0,0,1
BV1beQ6YYESq,2025-04-10,1,0,0,0,1,1,0,0,0
BV1beQ6YYESq,2025-04-11,0,0,0,0,0,2,0,0,2
BV1beQ6YYESq,2025-04-12,1,1,0,0,3,0,0,0,2
BV1beQ6YYESq,2025-04-13,2,0,1,0,1,1,0,0,2
BV1beQ6YYESq,2025-04-14,1,0,0,0,1,0,0,0,1
BV1beQ6YYESq,2025-04-15,0,0,1,0,0,0,0,0,1
BV1beQ6YYESq,2025-04-16,0,0,0,0,0,0,1,0,1
BV1beQ6YYESq,2025-04-17,0,0,0,0,0,1,0,0,0
BV1beQ6YYESq,2025-04-18,0,0,0,0,0,0,1,0,0
BV1beQ6YYESq,2025-04-19,0,0,0,0,0,0,0,0,1
BV1beQ6YYESq,2025-04-20,2,0,0,0,0,0,0,0,0
BV1beQ6YYESq,2025-04-22,0,0,0,1,0,0,0,0,2
BV1beQ6YYESq,2025-04-24,1,0,0,1,0,0,1,1,0
BV1beQ6YYESq,2025-04-25,0,1,0,0,0,0,2,0,0
BV1beQ6YYESq,2025-04-26,0,1,0,0,1,1,0,0,0
BV1beQ6YYESq,2025-04-27,0,0,0,0,0,1,0,0,1
BV1beQ6YYESq,2025-04-29,0,0,0,0,0,0,0,0,1
BV1beQ6YYESq,2025-04-30,1,0,0,0,0,0,0,0,1
BV1beQ6YYESq,2025-05-01,0,1,0,0,0,0,0,0,0
BV1beQ6YYESq,2025-05-04,1,0,0,0,0,0,0,0,0
BV1beQ6YYESq,2025-05-05,0,0,0,0,1,0,0,0,0
BV1c3QhYtEy5,2025-03-16,0,0,0,0,0,1,0,0,1
BV1c3QhYtEy5,2025-03-18,1,0,0,1,2,0,0,0,5
BV1c3QhYtEy5,2025-03-19,0,0,0,0,1,0,1,0,9
BV1c3QhYtEy5,2025-03-20,0,0,0,0,2,0,0,0,4
BV1c3QhYtEy5,2025-03-21,2,0,0,0,2,0,0,0,6
BV1c3QhYtEy5,2025-03-22,0,0,0,2,2,0,0,0,4
BV1c3QhYtEy5,2025-03-23,2,0,2,0,0,0,0,0,2
BV1c3QhYtEy5,2025-03-29,0,0,2,0,0,0,0,0,2
BV1c3QhYtEy5,2025-03-30,0,0,0,0,0,0,0,0,2
BV1c3QhYtEy5,2025-04-01,0,0,0,0,0,0,0,0,2
BV1c3QhYtEy5,2025-04-02,0,0,0,0,0,2,0,0,0
BV1c3QhYtEy5,2025-04-05,0,0,0,0,2,2,0,0,8
BV1c3QhYtEy5,2025-04-06,0,0,0,0,2,0,0,0,0
BV1c3QhYtEy5,2025-04-07,0,2,0,0,0,0,0,0,0
BV1c3QhYtEy5,2025-04-09,0,0,0,0,0,2,0,0,0
BV1c3QhYtEy5,2025-04-16,0,0,0,2,0,0,0,0,2
BV1c3QhYtEy5,2025-04-18,0,0,0,0,2,0,0,0,0
BV1c3QhYtEy5,2025-04-20,0,0,0,0,0,0,2,0,0
BV1c3QhYtEy5,2025-04-22,0,0,0,0,0,0,0,0,2
BV1c3QhYtEy5,2025-04-27,0,0,0,0,0,0,0,0,2
BV1c3QhYtEy5,2025-04-30,0,0,0,0,0,0,0,0,2
BV1c3QhYtEy5,2025-05-03,0,0,0,0,2,0,0,0,2
BV1c3QhYtEy5,2025-05-04,0,0,0,0,0,0,0,0,2
BV1cprzYdEMz,2025-01-28,0,1,0,0,0,0,0,0,1
BV1cprzYdEMz,2025-01-29,0,0,0,1,0,0,1,0,0
BV1cprzYdEMz,2025-01-30,0,0,0,0,2,0,1,0,0
BV1cprzYdEMz,2025-01-31,1,0,0,0,0,0,0,0,2
BV1cprzYdEMz,2025-02-01,0,0,0,0,0,0,0,0,2
BV1cprzYdEMz,2025-02-02,0,0,0,0,2,0,0,0,3
BV1cprzYdEMz,2025-02-03,1,0,0,0,1,0,0,0,3
BV1cprzYdEMz,2025-02-04,0,1,1,0,3,0,0,0,3
BV1cprzYdEMz,2025-02-05,0,0,0,0,0,0,1,0,1
BV1cprzYdEMz,2025-02-06,0,0,0,0,1,0,0,0,2
BV1cprzYdEMz,2025-02-09,0,0,0,0,0,0,0,0,2
BV1cprzYdEMz,2025-02-10,0,0,0,0,0,0,0,0,1
BV1cprzYdEMz,2025-02-11,0,0,0,0,2,0,0,0,2
BV1cprzYdEMz,2025-02-12,0,0,0,0,1,0,0,0,0
BV1cprzYdEMz,2025-02-13,0,0,0,0,1,0,0,0,0
BV1cprzYdEMz,2025-02-14,0,0,0,0,1,0,0,0,0
BV1cprzYdEMz,2025-02-15,0,0,0,0,0,1,0,0,0
BV1cprzYdEMz,2025-02-17,0,0,0,0,0,0,0,0,1
BV1cprzYdEMz,2025-02-18,1,0,0,0,0,0,0,0,0
BV1cprzYdEMz,2025-02-19,0,0,0,0,0,0,0,0,2
BV1cprzYdEMz,2025-02-20,0,0,1,0,0,0,0,0,0
BV1cprzYdEMz,2025-02-21,1,0,0,0,1,0,0,0,0
BV1cprzYdEMz,2025-02-22,0,0,0,0,1,0,0,0,0
BV1cprzYdEMz,2025-02-23,0,0,0,0,0,0,0,0,1
BV1cprzYdEMz,2025-02-26,0,0,0,0,0,0,0,0,1
BV1cprzYdEMz,2025-02-28,0,1,0,0,0,0,0,0,0
BV1cprzYdEMz,2025-03-01,0,0,0,0,1,0,0,0,0
BV1cprzYdEMz,2025-03-03,0,0,0,0,0,0,1,0,0
BV1cprzYdEMz,2025-03-08,0,0,0,0,0,0,0,0,1
BV1cprzYdEMz,2025-03-12,0,0,0,0,1,0,0,0,0
BV1cprzYdEMz,2025-03-14,1,0,0,0,0,0,0,0,0
BV1cprzYdEMz,2025-03-16,0,0,0,0,0,0,0,0,2
BV1cprzYdEMz,2025-03-18,0,0,0,0,0,1,0,0,0
BV1cprzYdEMz,2025-03-21,0,0,0,0,0,0,0,0,1
BV1cprzYdEMz,2025-03-22,0,0,0,0,1,0,0,0,0
BV1cprzYdEMz,2025-03-26,0,0,0,0,0,0,0,0,1
BV1cprzYdEMz,2025-03-27,1,0,0,0,0,0,0,0,1
BV1cprzYdEMz,2025-03-28,0,0,0,0,2,0,0,0,0
BV1cprzYdEMz,2025-04-03,0,0,0,0,0,0,0,0,1
BV1cprzYdEMz,2025-04-04,0,0,0,0,0,0,0,0,1
BV1cprzYdEMz,2025-04-05,0,0,0,0,0,0,1,0,2
BV1cprzYdEMz,2025-04-06,0,0,0,0,1,0,0,0,0
BV1cprzYdEMz,2025-04-09,0,0,0,0,0,0,0,0,1
BV1cprzYdEMz,2025-04-10,1,0,0,0,0,0,0,0,1
BV1cprzYdEMz,2025-04-13,0,0,0,0,0,0,0,0,1
BV1cprzYdEMz,2025-04-15,0,0,0,0,0,0,0,0,1
BV1cprzYdEMz,2025-04-17,0,0,0,0,0,0,0,0,1
BV1cprzYdEMz,2025-04-19,0,0,0,1,0,0,0,0,1
BV1cprzYdEMz,2025-04-21,0,0,0,0,0,0,0,0,1
BV1cprzYdEMz,2025-04-22,1,0,0,0,0,0,0,0,1
BV1cprzYdEMz,2025-04-23,0,0,0,0,1,0,0,0,1
BV1cprzYdEMz,2025-04-24,0,0,0,0,0,1,0,0,1
BV1cprzYdEMz,2025-04-29,0,0,0,1,1,0,0,0,2
BV1cprzYdEMz,2025-05-02,0,0,0,0,0,0,0,0,1
BV1cprzYdEMz,2025-05-04,0,0,0,0,1,0,0,0,1
BV1eMNDeMErj,2025-03-01,0,0,0,0,0,0,0,0,3
BV1eMNDeMErj,2025-03-02,1,1,0,0,5,2,0,0,9
BV1eMNDeMErj,2025-03-03,0,0,0,0,0,1,0,0,3
BV1eMNDeMErj,2025-03-04,2,0,1,1,0,1,0,0,7
BV1eMNDeMErj,2025-03-05,1,0,1,0,0,0,0,0,2
BV1eMNDeMErj,2025-03-06,1,0,0,0,2,0,0,0,9
BV1eMNDeMErj,2025-03-07,1,0,0,1,1,0,0,0,9
BV1eMNDeMErj,2025-03-08,2,0,2,1,2,0,0,0,8
BV1eMNDeMErj,2025-03-09,3,0,0,0,3,4,0,0,5
BV1eMNDeMErj,2025-03-12,0,0,0,1,0,0,0,0,0
BV1eMNDeMErj,2025-03-14,0,0,0,0,0,0,0,0,2
BV1eMNDeMErj,2025-03-15,0,0,0,0,0,0,0,0,1
BV1f8PBerE1t,2025-02-22,0,0,0,0,0,0,0,0,1
BV1f8PBerE1t,2025-02-23,0,0,1,1,1,0,0,0,2
BV1f8PBerE1t,2025-02-24,0,0,0,0,0,0,0,0,2
BV1f8PBerE1t,2025-02-25,0,0,0,0,1,0,0,0,1
BV1f8PBerE1t,2025-02-26,0,0,0,0,2,0,0,0,3
BV1f8PBerE1t,2025-02-27,0,0,0,1,1,1,0,0,1
BV1f8PBerE1t,2025-02-28,1,0,0,0,1,0,0,0,5
BV1f8PBerE1t,2025-03-01,0,0,0,0,1,1,0,0,3
BV1f8PBerE1t,2025-03-02,0,0,0,0,1,0,1,0,3
BV1f8PBerE1t,2025-03-03,0,0,0,0,2,0,1,0,2
BV1f8PBerE1t,2025-03-04,0,0,0,0,1,0,0,0,1
BV1f8PBerE1t,2025-03-06,0,0,0,0,0,0,0,0,1
BV1f8PBerE1t,2025-03-09,0,0,0,1,0,0,0,0,0
BV1f8PBerE1t,2025-03-11,0,0,0,0,0,0,0,0,1
BV1f8PBerE1t,2025-03-12,0,0,0,0,0,0,0,0,1
BV1f8PBerE1t,2025-03-13,0,0,0,0,1,0,0,0,0
BV1f8PBerE1t,2025-03-14,0,0,0,0,0,0,0,0,3
BV1f8PBerE1t,2025-03-15,0,0,0,0,0,0,0,0,1
BV1f8PBerE1t,2025-03-18,0,0,0,0,0,0,0,0,3
BV1f8PBerE1t,2025-03-19,0,0,0,0,0,0,0,0,2
BV1f8PBerE1t,2025-03-20,0,0,0,0,0,0,0,0,1
BV1f8PBerE1t,2025-03-21,0,0,0,0,0,0,0,0,1
BV1f8PBerE1t,2025-03-22,0,0,0,0,0,0,0,0,1
BV1f8PBerE1t,2025-03-24,0,0,0,0,1,0,0,0,1
BV1f8PBerE1t,2025-03-25,0,0,0,0,0,1,0,0,0
BV1f8PBerE1t,2025-03-27,0,0,0,0,0,0,0,0,1
BV1f8PBerE1t,2025-03-29,0,0,0,0,1,0,0,0,0
BV1f8PBerE1t,2025-03-30,0,0,0,0,0,0,0,0,1
BV1f8PBerE1t,2025-03-31,0,0,0,0,0,1,0,0,0
BV1f8PBerE1t,2025-04-03,0,0,0,0,1,0,0,0,0
BV1f8PBerE1t,2025-04-05,0,0,0,0,1,0,0,0,0
BV1f8PBerE1t,2025-04-06,0,0,0,0,0,0,1,0,0
BV1f8PBerE1t,2025-04-08,0,0,0,0,1,0,0,0,2
BV1f8PBerE1t,2025-04-13,0,0,0,0,1,0,0,0,0
BV1f8PBerE1t,2025-04-14,0,0,0,0,0,0,0,0,3
BV1f8PBerE1t,2025-04-15,0,0,0,0,2,0,0,0,1
BV1f8PBerE1t,2025-04-16,0,0,0,0,0,0,1,0,1
BV1f8PBerE1t,2025-04-17,0,0,0,0,0,0,0,0,2
BV1f8PBerE1t,2025-04-18,0,0,0,0,1,0,0,0,1
BV1f8PBerE1t,2025-04-19,0,0,0,0,0,0,0,0,1
BV1f8PBerE1t,2025-04-20,0,0,0,0,0,0,0,0,2
BV1f8PBerE1t,2025-04-21,0,0,0,0,0,0,0,0,1
BV1f8PBerE1t,2025-04-22,1,0,0,0,0,0,0,0,0
BV1f8PBerE1t,2025-04-23,0,0,0,0,0,1,0,0,0
BV1f8PBerE1t,2025-04-25,0,0,0,0,0,0,0,0,1
BV1f8PBerE1t,2025-04-26,0,1,0,0,0,0,0,0,0
BV1f8PBerE1t,2025-05-01,0,0,0,0,0,0,0,0,1
BV1f8PBerE1t,2025-05-02,0,0,0,0,0,0,0,0,1
BV1f8PBerE1t,2025-05-03,0,0,0,0,0,0,0,0,2
BV1f8PBerE1t,2025-05-05,0,0,0,1,0,0,0,0,1
BV1gZfRYfE1B,2025-02-16,1,0,0,1,0,0,0,0,4
BV1gZfRYfE1B,2025-02-17,0,0,0,0,2,0,0,0,5
BV1gZfRYfE1B,2025-02-18,0,0,0,0,0,0,0,0,1
BV1gZfRYfE1B,2025-02-19,0,0,0,0,1,0,0,0,2
BV1gZfRYfE1B,2025-02-20,0,0,0,0,0,1,0,0,1
BV1gZfRYfE1B,2025-02-21,0,0,0,0,0,0,0,0,3
BV1gZfRYfE1B,2025-02-22,0,0,0,0,0,0,0,0,2
BV1gZfRYfE1B,2025-02-23,0,0,0,0,0,1,0,0,2
BV1gZfRYfE1B,2025-02-24,0,0,0,0,0,0,0,0,1
BV1gZfRYfE1B,2025-02-25,0,0,0,1,0,0,0,0,4
BV1gZfRYfE1B,2025-02-28,0,0,0,0,0,0,0,0,1
BV1gZfRYfE1B,2025-03-01,0,0,0,0,1,0,0,0,0
BV1gZfRYfE1B,2025-03-02,0,0,1,0,0,0,1,0,1
BV1gZfRYfE1B,2025-03-03,0,0,0,0,0,0,0,0,1
BV1gZfRYfE1B,2025-03-04,0,0,0,0,0,0,0,0,2
BV1gZfRYfE1B,2025-03-07,0,0,0,0,0,0,0,0,1
BV1gZfRYfE1B,2025-03-08,0,0,0,0,0,0,0,0,1
BV1gZfRYfE1B,2025-03-09,0,0,0,0,0,0,0,0,2
BV1gZfRYfE1B,2025-03-10,0,0,0,0,0,0,0,0,1
BV1gZfRYfE1B,2025-03-13,0,0,0,0,0,0,0,0,1
BV1gZfRYfE1B,2025-03-14,0,0,1,0,0,0,0,0,1
BV1gZfRYfE1B,2025-03-16,0,0,1,0,0,1,0,0,0
BV1gZfRYfE1B,2025-03-17,0,0,0,0,0,0,0,0,2
BV1gZfRYfE1B,2025-03-18,0,0,0,0,0,0,0,0,1
BV1gZfRYfE1B,2025-03-19,0,1,0,0,0,0,0,0,0
BV1gZfRYfE1B,2025-03-20,0,0,0,1,0,0,0,0,1
BV1gZfRYfE1B,2025-03-21,0,0,0,0,1,0,0,0,0
BV1gZfRYfE1B,2025-03-22,0,0,0,0,0,0,0,0,1
BV1gZfRYfE1B,2025-03-23,0,0,0,0,0,0,1,0,0
BV1gZfRYfE1B,2025-03-24,0,0,0,0,0,0,0,0,1
BV1gZfRYfE1B,2025-03-25,0,0,0,0,0,0,0,0,1
BV1gZfRYfE1B,2025-03-26,0,0,0,0,0,1,0,0,3
BV1gZfRYfE1B,2025-03-27,0,0,0,0,0,0,0,0,2
BV1gZfRYfE1B,2025-03-28,0,0,0,0,1,0,0,0,1
BV1gZfRYfE1B,2025-03-29,0,0,0,0,0,0,0,0,2
BV1gZfRYfE1B,2025-03-30,0,0,0,0,0,0,0,0,1
BV1gZfRYfE1B,2025-03-31,0,0,0,0,0,0,1,0,1
BV1gZfRYfE1B,2025-04-01,0,0,0,0,0,0,0,0,1
BV1gZfRYfE1B,2025-04-03,0,0,0,0,0,1,0,0,0
BV1gZfRYfE1B,2025-04-06,0,0,0,0,0,0,0,0,1
BV1gZfRYfE1B,2025-04-07,0,0,0,0,0,0,0,0,1
BV1gZfRYfE1B,2025-04-09,1,0,0,0,0,0,0,0,0
BV1gZfRYfE1B,2025-04-10,0,0,0,0,0,0,0,0,1
BV1gZfRYfE1B,2025-04-12,0,0,0,0,0,0,0,0,1
BV1gZfRYfE1B,2025-04-13,0,0,0,0,0,0,0,0,2
BV1gZfRYfE1B,2025-04-15,0,0,0,0,0,0,0,0,3
BV1gZfRYfE1B,2025-04-20,0,0,0,0,0,0,0,1,1
BV1gZfRYfE1B,2025-04-22,0,0,0,0,0,0,0,0,1
BV1gZfRYfE1B,2025-04-23,0,0,0,0,0,0,0,0,1
BV1gZfRYfE1B,2025-04-27,0,0,0,0,0,0,0,0,2
BV1gZfRYfE1B,2025-04-28,0,0,0,0,0,0,0,0,1
BV1gZfRYfE1B,2025-04-30,0,0,0,1,0,0,0,0,1
BV1gZfRYfE1B,2025-05-03,0,0,0,0,0,0,0,0,1
BV1gZfRYfE1B,2025-05-04,0,0,0,0,0,0,0,0,1
BV1gZfRYfE1B,2025-05-05,0,0,0,0,0,0,0,0,2
BV1gqLGz6EKT,2025-04-26,1,2,0,2,1,6,1,0,1
BV1gqLGz6EKT,2025-04-27,0,2,5,5,2,1,0,0,13
BV1gqLGz6EKT,2025-04-28,1,2,0,3,2,6,0,0,5
BV1gqLGz6EKT,2025-04-29,1,1,0,3,0,2,0,0,4
BV1gqLGz6EKT,2025-04-30,1,0,0,0,1,1,0,0,2
BV1gqLGz6EKT,2025-05-01,0,0,1,1,1,0,0,0,1
BV1gqLGz6EKT,2025-05-02,2,1,0,0,1,1,0,0,1
BV1gqLGz6EKT,2025-05-03,0,0,0,1,0,0,0,0,0
BV1gqLGz6EKT,2025-05-04,0,2,1,2,1,0,0,0,3
BV1gqLGz6EKT,2025-05-06,0,1,0,1,0,1,0,0,0
BV1hhcFe1EGV,2025-02-01,0,1,0,0,2,0,0,0,4
BV1hhcFe1EGV,2025-02-02,0,0,1,0,6,1,1,0,11
BV1hhcFe1EGV,2025-02-03,0,0,1,1,7,0,0,0,13
BV1hhcFe1EGV,2025-02-04,0,0,0,0,3,0,1,0,2
BV1hhcFe1EGV,2025-02-05,0,0,0,0,2,0,0,0,1
BV1hhcFe1EGV,2025-02-08,0,0,0,0,1,0,0,0,1
BV1hhcFe1EGV,2025-02-09,0,1,0,0,0,0,0,0,0
BV1hhcFe1EGV,2025-02-10,1,0,0,0,0,0,0,0,0
BV1hhcFe1EGV,2025-02-11,0,0,0,0,1,0,0,0,0
BV1hhcFe1EGV,2025-02-12,0,0,0,0,1,0,0,0,1
BV1hhcFe1EGV,2025-02-13,1,0,0,0,1,1,0,0,0
BV1hhcFe1EGV,2025-02-14,0,0,0,0,1,0,0,0,1
BV1hhcFe1EGV,2025-02-15,0,0,0,0,1,0,0,0,0
BV1hhcFe1EGV,2025-02-16,0,0,0,0,0,0,0,0,1
BV1hhcFe1EGV,2025-02-17,0,0,0,0,1,0,0,0,0
BV1hhcFe1EGV,2025-02-19,0,0,1,0,0,0,0,0,0
BV1hhcFe1EGV,2025-02-20,0,0,0,0,1,0,0,0,0
BV1hhcFe1EGV,2025-02-27,0,0,0,0,0,0,1,0,0
BV1hhcFe1EGV,2025-03-27,0,0,0,1,0,0,0,0,0
BV1hhcFe1EGV,2025-04-12,0,1,0,0,0,0,0,0,1
BV1hhcFe1EGV,2025-04-13,0,0,0,0,0,0,0,0,1
BV1hhcFe1EGV,2025-04-22,0,0,0,0,1,0,0,0,0
BV1hhcFe1EGV,2025-04-26,0,0,0,0,0,0,0,0,1
BV1hyDkY6Ewm,2025-02-18,1,0,0,0,0,0,0,0,0
BV1hyDkY6Ewm,2025-02-19,0,0,0,0,3,0,1,0,4
BV1hyDkY6Ewm,2025-02-20,0,0,0,0,0,0,0,0,4
BV1hyDkY6Ewm,2025-02-21,1,0,0,0,0,0,0,0,2
BV1hyDkY6Ewm,2025-02-22,2,1,0,0,0,0,0,0,2
BV1hyDkY6Ewm,2025-02-23,0,0,0,0,1,0,0,0,3
BV1hyDkY6Ewm,2025-02-24,0,0,0,1,1,0,0,0,5
BV1hyDkY6Ewm,2025-02-25,0,0,0,0,0,0,0,0,5
BV1hyDkY6Ewm,2025-02-26,2,0,0,0,1,0,0,0,0
BV1hyDkY6Ewm,2025-02-27,0,1,0,1,0,0,0,0,1
BV1hyDkY6Ewm,2025-02-28,0,0,0,0,0,0,0,0,2
BV1hyDkY6Ewm,2025-03-01,0,0,0,0,0,0,0,0,2
BV1hyDkY6Ewm,2025-03-02,0,0,0,0,0,0,0,0,1
BV1hyDkY6Ewm,2025-03-03,0,0,0,0,0,0,0,0,5
BV1hyDkY6Ewm,2025-03-04,1,0,0,0,0,0,0,0,3
BV1hyDkY6Ewm,2025-03-05,0,0,0,0,1,0,0,0,3
BV1hyDkY6Ewm,2025-03-06,0,0,0,0,0,0,0,0,2
BV1hyDkY6Ewm,2025-03-07,2,0,0,0,0,0,0,0,1
BV1hyDkY6Ewm,2025-03-08,0,0,0,0,0,0,0,0,3
BV1hyDkY6Ewm,2025-03-09,0,0,0,0,0,0,0,0,3
BV1hyDkY6Ewm,2025-03-10,0,0,0,0,0,0,0,0,1
BV1hyDkY6Ewm,2025-03-12,0,1,0,0,0,0,0,0,1
BV1hyDkY6Ewm,2025-03-13,1,0,0,0,1,0,0,0,3
BV1hyDkY6Ewm,2025-03-15,0,0,0,0,0,0,0,0,2
BV1hyDkY6Ewm,2025-03-18,0,0,0,0,0,0,0,0,2
BV1hyDkY6Ewm,2025-03-19,0,0,0,0,0,0,0,0,1
BV1hyDkY6Ewm,2025-03-20,0,0,0,0,0,0,0,0,2
BV1hyDkY6Ewm,2025-03-21,0,0,0,0,0,0,0,0,1
BV1hyDkY6Ewm,2025-03-22,1,0,0,0,0,0,0,0,0
BV1hyDkY6Ewm,2025-03-24,0,0,0,0,0,0,0,0,1
BV1hyDkY6Ewm,2025-03-25,0,0,0,0,0,0,0,0,1
BV1hyDkY6Ewm,2025-03-31,0,0,0,0,1,0,0,0,0
BV1hyDkY6Ewm,2025-04-03,0,0,0,0,0,0,0,0,1
BV1hyDkY6Ewm,2025-04-04,0,0,0,0,0,0,0,0,1
BV1hyDkY6Ewm,2025-04-11,0,0,0,0,1,0,0,0,0
BV1hyDkY6Ewm,2025-04-16,0,0,0,0,0,0,0,0,1
BV1hyDkY6Ewm,2025-04-17,0,0,0,0,0,0,0,0,1
BV1hyDkY6Ewm,2025-04-22,0,0,0,0,0,1,0,0,0
BV1hyDkY6Ewm,2025-04-28,0,0,0,0,0,0,0,0,1
BV1hyDkY6Ewm,2025-05-05,1,0,0,0,0,0,0,0,0
BV1i7mVYREtQ,2024-10-18,3,0,2,3,4,4,2,0,19
BV1i7mVYREtQ,2024-10-19,1,1,2,7,5,6,5,0,24
BV1i7mVYREtQ,2024-10-20,0,0,0,1,3,2,0,0,3
BV1i7mVYREtQ,2024-10-27,0,0,0,0,0,0,0,0,1
BV1i7mVYREtQ,2024-11-08,0,0,0,0,0,0,0,0,1
BV1iVLbzcEo2,2025-04-24,1,1,0,0,3,2,0,0,7
BV1iVLbzcEo2,2025-04-25,1,4,1,2,11,5,1,0,45
BV1iVLbzcEo2,2025-04-27,0,0,0,0,0,0,0,0,1
BV1iVLbzcEo2,2025-04-28,0,0,1,0,0,0,0,0,1
BV1iVLbzcEo2,2025-04-29,0,0,0,1,2,0,0,0,2
BV1iVLbzcEo2,2025-04-30,0,0,0,0,0,0,0,0,1
BV1iVLbzcEo2,2025-05-01,1,0,0,0,0,0,0,0,1
BV1iVLbzcEo2,2025-05-04,0,0,0,0,0,0,0,0,2
BV1iVLbzcEo2,2025-05-06,1,0,0,0,0,1,0,0,1
BV1jSyRYPEz7,2024-11-30,0,0,0,0,0,4,0,0,6
BV1jSyRYPEz7,2024-12-01,5,0,0,0,0,0,0,0,0
BV1jSyRYPEz7,2024-12-03,0,5,0,0,0,0,0,0,0
BV1jSyRYPEz7,2024-12-25,0,0,0,0,0,0,0,0,5
BV1jb67YEEM5,2025-01-01,1,1,2,1,0,0,0,0,12
BV1jb67YEEM5,2025-01-02,2,2,1,0,2,5,2,0,10
BV1jb67YEEM5,2025-01-03,1,0,0,0,0,0,0,0,1
BV1jb67YEEM5,2025-01-04,0,0,0,2,1,0,0,0,1
BV1jb67YEEM5,2025-01-05,0,0,0,0,0,0,0,0,2
BV1jb67YEEM5,2025-01-06,0,0,0,0,1,0,0,0,1
BV1jb67YEEM5,2025-01-07,0,0,0,0,1,0,0,0,0
BV1jb67YEEM5,2025-01-08,1,0,0,1,0,0,0,0,1
BV1jb67YEEM5,2025-01-09,0,0,0,0,0,0,0,0,1
BV1jb67YEEM5,2025-01-10,0,0,0,0,0,0,0,0,1
BV1jb67YEEM5,2025-01-12,0,0,0,0,0,0,0,0,1
BV1jb67YEEM5,2025-01-13,0,0,0,1,1,0,0,0,0
BV1jb67YEEM5,2025-01-14,0,0,0,0,1,0,1,0,0
BV1jb67YEEM5,2025-01-15,1,0,0,1,0,0,0,0,0
BV1jb67YEEM5,2025-01-16,0,0,0,0,0,0,0,0,2
BV1jb67YEEM5,2025-01-17,0,0,0,0,0,0,0,0,2
BV1jb67YEEM5,2025-01-19,0,0,0,0,0,0,0,0,2
BV1jb67YEEM5,2025-01-20,0,0,0,0,0,0,2,0,1
BV1jb67YEEM5,2025-01-21,0,0,0,0,0,0,0,0,3
BV1jb67YEEM5,2025-01-22,0,0,0,0,0,0,0,0,2
BV1jb67YEEM5,2025-01-24,1,0,0,0,1,0,0,0,0
BV1jb67YEEM5,2025-01-25,0,0,0,0,0,0,0,0,1
BV1jb67YEEM5,2025-01-27,0,0,0,0,1,1,0,0,2
BV1jb67YEEM5,2025-01-28,0,0,0,1,0,0,0,0,4
BV1jb67YEEM5,2025-01-29,0,0,0,1,0,0,0,0,1
BV1jb67YEEM5,2025-01-30,0,0,0,0,0,0,0,0,1
BV1jb67YEEM5,2025-02-07,0,0,0,0,0,0,0,0,1
BV1jb67YEEM5,2025-02-10,0,0,0,0,0,0,0,0,1
BV1jb67YEEM5,2025-02-13,0,0,0,0,0,0,0,0,1
BV1jb67YEEM5,2025-02-22,0,0,0,0,0,1,0,0,0
BV1jb67YEEM5,2025-03-01,0,0,0,0,0,0,0,0,1
BV1jb67YEEM5,2025-05-04,0,0,0,0,1,0,0,0,1
BV1mtPveLEVn,2025-02-28,0,0,1,1,3,1,1,1,8
BV1mtPveLEVn,2025-03-01,2,1,3,7,2,3,2,0,11
BV1mtPveLEVn,2025-03-02,0,0,1,1,1,0,0,1,5
BV1mtPveLEVn,2025-03-03,0,0,1,0,2,0,0,0,1
BV1mtPveLEVn,2025-03-05,0,0,0,0,0,0,0,0,2
BV1mtPveLEVn,2025-03-06,0,0,0,1,0,0,0,0,1
BV1mtPveLEVn,2025-03-07,0,0,0,0,0,0,0,0,1
BV1mtPveLEVn,2025-03-08,0,0,1,0,0,0,0,0,3
BV1mtPveLEVn,2025-03-09,0,0,0,0,0,0,0,0,1
BV1mtPveLEVn,2025-03-10,0,0,0,0,0,0,0,1,0
BV1mtPveLEVn,2025-03-11,1,0,0,0,0,0,0,0,0
BV1mtPveLEVn,2025-03-12,1,0,0,1,0,0,0,0,1
BV1mtPveLEVn,2025-03-13,0,0,0,1,0,0,0,0,2
BV1mtPveLEVn,2025-03-15,0,0,0,0,0,0,0,0,2
BV1mtPveLEVn,2025-03-17,0,0,0,0,2,0,0,0,1
BV1mtPveLEVn,2025-03-18,0,0,0,0,0,0,0,0,1
BV1mtPveLEVn,2025-03-19,0,0,0,1,0,0,0,0,1
BV1mtPveLEVn,2025-03-20,0,0,0,0,0,0,0,0,3
BV1mtPveLEVn,2025-03-22,0,0,0,0,0,0,0,0,1
BV1mtPveLEVn,2025-03-25,0,0,0,0,0,0,0,0,1
BV1mtPveLEVn,2025-03-27,0,0,0,0,0,0,0,0,1
BV1mtPveLEVn,2025-03-30,0,0,0,0,0,0,0,0,1
BV1mtPveLEVn,2025-04-01,0,0,0,0,0,0,0,0,1
BV1mtPveLEVn,2025-04-04,0,0,0,0,0,0,0,0,1
BV1mtPveLEVn,2025-04-09,0,0,0,0,0,0,0,0,1
BV1mtPveLEVn,2025-04-12,0,0,0,0,0,1,0,0,0
BV1mtPveLEVn,2025-04-17,1,0,0,0,0,0,0,0,0
BV1mtPveLEVn,2025-04-20,0,0,0,0,0,0,0,0,1
BV1mtPveLEVn,2025-04-23,0,0,0,0,1,0,0,0,0
BV1n3r9Y8Eyu,2025-01-09,4,1,3,12,5,6,1,0,13
BV1n3r9Y8Eyu,2025-01-10,0,1,2,4,8,4,1,0,6
BV1n3r9Y8Eyu,2025-01-11,2,0,0,3,3,3,0,0,7
BV1n3r9Y8Eyu,2025-01-12,0,0,0,3,1,0,0,0,0
BV1n3r9Y8Eyu,2025-01-13,0,0,0,0,1,1,0,0,0
BV1n3r9Y8Eyu,2025-01-14,0,0,1,0,0,0,0,0,0
BV1n3r9Y8Eyu,2025-01-15,0,0,0,0,0,0,0,0,2
BV1n3r9Y8Eyu,2025-01-31,0,0,0,0,0,0,0,0,1
BV1n3r9Y8Eyu,2025-03-16,0,0,0,0,0,0,0,0,1
BV1nwXJYZEwM,2025-03-19,0,0,4,3,3,0,5,0,29
BV1nwXJYZEwM,2025-03-20,0,0,1,0,0,0,0,0,3
BV1nwXJYZEwM,2025-03-21,0,0,0,2,0,0,0,0,2
BV1nwXJYZEwM,2025-03-22,0,0,2,0,0,0,2,0,6
BV1nwXJYZEwM,2025-03-23,0,0,0,0,2,0,0,0,0
BV1nwXJYZEwM,2025-03-24,0,0,0,0,2,0,0,0,0
BV1nwXJYZEwM,2025-03-25,0,0,0,0,2,0,0,0,0
BV1nwXJYZEwM,2025-03-29,2,0,0,0,0,0,0,0,0
BV1nwXJYZEwM,2025-03-30,0,0,0,0,0,0,0,0,4
BV1nwXJYZEwM,2025-04-05,0,0,0,0,0,0,0,0,4
BV1nwXJYZEwM,2025-04-11,0,0,0,0,0,0,0,0,2
BV1nwXJYZEwM,2025-04-12,0,0,0,0,2,0,0,0,0
BV1nwXJYZEwM,2025-04-14,0,0,0,0,0,0,0,0,2
BV1nwXJYZEwM,2025-04-15,0,0,0,0,2,0,0,0,2
BV1nwXJYZEwM,2025-04-16,0,0,0,0,0,0,0,0,2
BV1oLBYYxEXY,2024-11-29,0,0,0,0,2,0,0,0,3
BV1oLBYYxEXY,2024-11-30,0,0,0,0,0,0,0,0,2
BV1oLBYYxEXY,2024-12-01,0,0,0,0,1,0,0,1,4
BV1oLBYYxEXY,2024-12-02,0,0,0,0,2,0,0,0,1
BV1oLBYYxEXY,2024-12-03,0,0,0,0,1,0,0,0,2
BV1oLBYYxEXY,2024-12-04,0,0,0,0,3,0,0,0,3
BV1oLBYYxEXY,2024-12-05,0,0,0,0,5,1,0,0,4
BV1oLBYYxEXY,2024-12-06,0,0,0,0,2,0,0,0,6
BV1oLBYYxEXY,2024-12-07,1,0,0,0,1,0,0,0,5
BV1oLBYYxEXY,2024-12-09,0,0,0,0,1,0,0,0,0
BV1oLBYYxEXY,2024-12-14,0,0,0,0,1,0,0,0,1
BV1oLBYYxEXY,2024-12-20,0,0,0,1,1,0,0,0,1
BV1oLBYYxEXY,2024-12-21,0,0,0,0,0,0,0,0,2
BV1oLBYYxEXY,2024-12-22,0,0,0,0,1,0,0,0,1
BV1oLBYYxEXY,2024-12-23,1,0,0,0,0,0,0,0,2
BV1oLBYYxEXY,2024-12-25,0,0,0,0,0,0,0,0,1
BV1oLBYYxEXY,2025-01-06,0,0,0,0,2,0,0,0,0
BV1oLBYYxEXY,2025-01-07,0,0,0,0,4,0,0,0,1
BV1oLBYYxEXY,2025-01-09,0,0,0,0,1,0,0,0,0
BV1oLBYYxEXY,2025-01-10,0,0,0,0,2,0,0,0,8
BV1oLBYYxEXY,2025-01-11,0,0,0,0,1,0,0,1,0
BV1oLBYYxEXY,2025-01-12,0,0,0,0,0,0,0,0,1
BV1oLBYYxEXY,2025-01-13,0,0,0,0,1,0,1,0,1
BV1oLBYYxEXY,2025-01-14,0,0,0,0,1,0,0,0,0
BV1oLBYYxEXY,2025-01-16,0,0,0,0,1,0,0,0,1
BV1oLBYYxEXY,2025-01-20,0,0,0,0,0,0,0,0,1
BV1oLBYYxEXY,2025-01-25,0,0,0,0,0,0,0,0,1
BV1oLBYYxEXY,2025-02-19,0,0,0,0,0,0,0,0,1
BV1oLBYYxEXY,2025-02-24,0,0,0,0,0,0,0,0,1
BV1oLBYYxEXY,2025-04-14,0,0,0,0,0,0,0,0,1
BV1oSN8eUENR,2025-02-08,3,0,0,6,9,1,0,1,13
BV1oSN8eUENR,2025-02-09,4,0,1,2,1,1,1,0,6
BV1oSN8eUENR,2025-02-10,3,1,0,0,2,0,0,0,6
BV1oSN8eUENR,2025-02-11,3,0,1,0,0,1,1,0,3
BV1oSN8eUENR,2025-02-12,0,0,0,0,2,0,0,0,1
BV1oSN8eUENR,2025-02-13,0,0,0,0,1,0,0,0,2
BV1oSN8eUENR,2025-02-14,1,0,0,0,0,0,0,0,1
BV1oSN8eUENR,2025-02-16,0,0,0,1,0,0,0,0,0
BV1oSN8eUENR,2025-02-17,1,0,0,0,0,0,0,0,0
BV1oSN8eUENR,2025-02-18,0,0,0,0,1,0,0,0,0
BV1oSN8eUENR,2025-02-19,0,1,0,0,0,0,0,0,0
BV1oSN8eUENR,2025-02-20,0,0,0,0,0,0,0,0,1
BV1oSN8eUENR,2025-02-21,1,0,0,1,0,0,0,0,0
BV1oSN8eUENR,2025-02-22,0,0,0,0,1,0,0,0,0
BV1oSN8eUENR,2025-02-23,0,0,0,1,0,0,0,0,0
BV1oSN8eUENR,2025-02-25,0,0,0,0,0,0,0,0,1
BV1oSN8eUENR,2025-02-26,0,0,0,0,0,0,0,0,2
BV1oSN8eUENR,2025-02-28,0,0,0,0,0,0,0,0,1
BV1oSN8eUENR,2025-03-03,0,0,1,0,1,0,0,0,0
BV1oSN8eUENR,2025-03-04,0,0,0,0,0,0,0,0,1
BV1oSN8eUENR,2025-03-06,1,0,0,0,0,0,0,0,2
BV1oSN8eUENR,2025-03-08,0,0,0,0,0,0,0,0,1
BV1oSN8eUENR,2025-04-10,1,0,0,0,0,0,0,0,0
BV1oSN8eUENR,2025-05-03,0,0,1,0,0,0,0,0,0
BV1pfQ2Y6ECa,2025-03-15,0,0,0,2,7,2,2,1,16
BV1pfQ2Y6ECa,2025-03-16,0,0,0,3,3,1,0,0,3
BV1pfQ2Y6ECa,2025-03-17,0,0,1,1,0,0,0,0,5
BV1pfQ2Y6ECa,2025-03-18,0,0,0,0,2,0,0,0,0
BV1pfQ2Y6ECa,2025-03-19,0,0,0,0,0,0,0,0,2
BV1pfQ2Y6ECa,2025-03-22,0,0,0,4,0,0,0,0,0
BV1pfQ2Y6ECa,2025-03-23,0,0,0,0,1,0,1,0,4
BV1pfQ2Y6ECa,2025-03-29,0,0,0,0,0,2,0,0,2
BV1pfQ2Y6ECa,2025-04-02,0,0,0,0,0,2,0,0,0
BV1pfQ2Y6ECa,2025-04-04,0,0,0,0,0,2,0,0,0
BV1pfQ2Y6ECa,2025-04-05,0,0,0,0,0,0,0,0,2
BV1pfQ2Y6ECa,2025-04-06,0,0,0,0,0,0,0,0,4
BV1pfQ2Y6ECa,2025-04-10,0,0,0,0,1,0,0,0,1
BV1pfQ2Y6ECa,2025-05-04,2,0,0,0,0,0,0,0,4
BV1q3fLYoEQr,2025-02-21,0,0,0,0,1,0,0,0,2
BV1q3fLYoEQr,2025-02-22,0,0,1,0,0,1,0,0,1
BV1q3fLYoEQr,2025-02-23,0,0,0,0,0,0,0,0,3
BV1q3fLYoEQr,2025-02-24,0,0,0,0,0,1,1,0,2
BV1q3fLYoEQr,2025-02-28,0,0,0,0,0,0,0,0,2
BV1q3fLYoEQr,2025-03-01,0,1,0,0,0,0,0,0,0
BV1q3fLYoEQr,2025-03-02,0,0,0,0,0,0,0,0,1
BV1q3fLYoEQr,2025-03-06,0,0,0,0,0,0,0,0,1
BV1q3fLYoEQr,2025-03-08,0,0,0,0,0,0,0,0,2
BV1q3fLYoEQr,2025-03-09,0,0,0,0,0,0,0,0,2
BV1q3fLYoEQr,2025-03-10,0,1,0,0,0,0,0,0,0
BV1q3fLYoEQr,2025-03-11,1,0,0,0,0,0,0,0,2
BV1q3fLYoEQr,2025-03-14,0,0,0,0,0,0,0,0,1
BV1q3fLYoEQr,2025-03-15,0,0,0,0,0,0,0,0,1
BV1q3fLYoEQr,2025-03-16,0,0,0,0,0,0,0,0,5
BV1q3fLYoEQr,2025-03-17,0,0,0,0,0,0,0,0,1
BV1q3fLYoEQr,2025-03-18,0,0,0,0,1,1,0,0,0
BV1q3fLYoEQr,2025-03-20,0,0,1,0,1,0,0,0,0
BV1q3fLYoEQr,2025-03-21,0,1,0,0,0,1,0,0,2
BV1q3fLYoEQr,2025-03-22,0,0,0,1,1,0,0,0,2
BV1q3fLYoEQr,2025-03-23,0,0,0,0,0,0,0,0,1
BV1q3fLYoEQr,2025-03-24,0,0,0,0,0,0,0,0,3
BV1q3fLYoEQr,2025-03-25,0,0,0,0,0,0,0,0,1
BV1q3fLYoEQr,2025-03-27,0,0,0,0,1,0,0,0,3
BV1q3fLYoEQr,2025-03-28,0,0,0,0,1,0,0,0,2
BV1q3fLYoEQr,2025-03-29,1,0,0,0,0,0,0,0,1
BV1q3fLYoEQr,2025-03-30,0,0,0,0,0,0,0,0,1
BV1q3fLYoEQr,2025-04-01,0,0,0,0,0,0,0,0,2
BV1q3fLYoEQr,2025-04-02,0,0,0,0,0,0,0,0,1
BV1q3fLYoEQr,2025-04-03,0,0,0,0,0,0,0,0,2
BV1q3fLYoEQr,2025-04-04,0,0,1,0,0,1,0,0,3
BV1q3fLYoEQr,2025-04-05,0,0,0,0,0,0,0,0,1
BV1q3fLYoEQr,2025-04-06,0,0,0,0,0,0,0,0,1
BV1q3fLYoEQr,2025-04-07,0,1,0,0,0,0,0,0,0
BV1q3fLYoEQr,2025-04-09,0,0,0,0,0,0,0,0,1
BV1q3fLYoEQr,2025-04-10,0,0,0,0,0,0,0,0,1
BV1q3fLYoEQr,2025-04-12,0,0,0,0,0,0,0,0,3
BV1q3fLYoEQr,2025-04-15,0,0,0,0,0,0,0,0,1
BV1q3fLYoEQr,2025-04-17,0,0,0,0,0,0,0,0,1
BV1q3fLYoEQr,2025-04-18,0,0,0,0,2,0,0,0,1
BV1q3fLYoEQr,2025-04-21,0,0,0,0,0,0,1,0,0
BV1q3fLYoEQr,2025-04-22,0,0,0,0,0,0,0,0,2
BV1q3fLYoEQr,2025-04-23,0,0,0,0,0,0,0,0,1
BV1q3fLYoEQr,2025-04-26,0,0,0,0,0,0,0,0,1
BV1q3fLYoEQr,2025-04-30,0,0,0,0,0,0,0,0,1
BV1q3fLYoEQr,2025-05-01,0,0,0,0,1,0,0,0,1
BV1q3fLYoEQr,2025-05-02,0,0,0,0,0,0,0,0,1
BV1q3fLYoEQr,2025-05-04,1,0,0,0,1,0,1,0,2
BV1q3fLYoEQr,2025-05-05,0,0,0,0,0,0,0,0,1
BV1q3fLYoEQr,2025-05-06,0,0,0,0,0,0,0,0,1
BV1q8tTeCEsm,2024-09-14,0,0,4,0,11,0,0,0,8
BV1q8tTeCEsm,2024-09-15,0,0,0,2,0,2,0,0,0
BV1q8tTeCEsm,2024-09-16,0,0,0,0,0,0,2,0,0
BV1q8tTeCEsm,2024-09-19,0,0,0,0,0,1,0,1,0
BV1q8tTeCEsm,2024-09-21,0,0,0,0,1,0,0,1,0
BV1q8tTeCEsm,2024-09-24,0,2,0,0,0,0,0,0,0
BV1q8tTeCEsm,2024-10-01,0,0,0,0,0,0,0,0,2
BV1q8tTeCEsm,2024-10-02,0,0,0,0,2,0,0,0,4
BV1q8tTeCEsm,2024-10-03,0,0,0,0,1,4,0,1,2
BV1q8tTeCEsm,2024-10-04,0,0,0,2,0,0,0,0,2
BV1q8tTeCEsm,2024-10-05,0,0,0,2,1,0,0,0,7
BV1q8tTeCEsm,2024-10-06,0,0,0,0,2,0,0,0,0
BV1q8tTeCEsm,2024-10-07,0,0,0,2,0,0,0,0,0
BV1q8tTeCEsm,2024-10-09,0,0,0,0,0,0,0,2,0
BV1q8tTeCEsm,2024-10-15,0,0,0,0,0,0,0,0,2
BV1q8tTeCEsm,2024-11-06,0,0,0,0,2,0,0,0,0
BV1q8tTeCEsm,2024-11-26,0,0,0,0,0,2,0,0,0
BV1q8tTeCEsm,2025-01-29,0,0,0,2,0,0,0,0,0
BV1q8tTeCEsm,2025-03-06,0,0,0,0,2,0,0,0,0
BV1qYoLYREJ1,2025-04-17,3,1,3,3,4,2,4,0,12
BV1qYoLYREJ1,2025-04-18,4,0,1,5,6,4,0,1,11
BV1qYoLYREJ1,2025-04-19,2,1,2,0,2,1,2,0,2
BV1qYoLYREJ1,2025-04-20,1,0,1,0,1,1,0,0,4
BV1qYoLYREJ1,2025-04-21,2,0,0,0,1,0,0,0,2
BV1qYoLYREJ1,2025-04-24,1,0,0,1,0,0,0,0,1
BV1qYoLYREJ1,2025-04-25,0,0,0,0,0,0,0,1,0
BV1qYoLYREJ1,2025-04-27,0,0,0,0,0,0,0,0,2
BV1qYoLYREJ1,2025-04-29,0,0,0,0,0,0,1,0,0
BV1qYoLYREJ1,2025-04-30,0,0,1,0,0,0,0,0,0
BV1qYoLYREJ1,2025-05-01,0,0,0,0,0,0,0,0,1
BV1qYoLYREJ1,2025-05-03,0,0,0,0,0,0,0,0,1
BV1qYoLYREJ1,2025-05-05,0,0,0,0,0,0,0,0,1
BV1rpw2ehEch,2025-02-02,0,2,0,3,0,2,1,0,2
BV1rpw2ehEch,2025-02-03,0,1,0,2,0,0,3,0,2
BV1rpw2ehEch,2025-02-04,1,3,0,4,1,2,1,0,4
BV1rpw2ehEch,2025-02-05,0,3,0,2,1,0,1,0,1
BV1rpw2ehEch,2025-02-06,0,0,0,3,1,0,0,0,0
BV1rpw2ehEch,2025-02-07,0,0,0,1,0,1,0,0,0
BV1rpw2ehEch,2025-02-08,0,2,0,0,0,0,0,0,1
BV1rpw2ehEch,2025-02-09,0,0,0,1,0,0,0,0,0
BV1rpw2ehEch,2025-02-10,0,2,0,1,0,0,0,0,0
BV1rpw2ehEch,2025-02-11,0,0,0,1,1,1,0,0,1
BV1rpw2ehEch,2025-02-12,0,2,1,2,0,0,0,0,3
BV1rpw2ehEch,2025-02-13,0,2,1,3,2,1,1,0,2
BV1rpw2ehEch,2025-02-14,0,2,0,0,0,0,0,0,2
BV1rpw2ehEch,2025-02-15,1,2,1,3,2,0,1,0,1
BV1rpw2ehEch,2025-02-16,0,0,0,0,0,0,1,0,0
BV1rpw2ehEch,2025-02-17,0,2,0,1,0,1,1,0,0
BV1uvAHegETt,2025-02-21,1,0,1,0,6,0,0,0,28
BV1uvAHegETt,2025-02-22,0,0,0,3,0,3,0,0,9
BV1uvAHegETt,2025-02-23,0,0,0,0,0,0,0,0,6
BV1uvAHegETt,2025-02-24,0,0,0,0,0,0,0,0,3
BV1uvAHegETt,2025-02-26,0,0,0,0,0,0,0,0,9
BV1uvAHegETt,2025-03-01,0,0,0,0,0,3,0,0,3
BV1uvAHegETt,2025-03-03,0,0,0,0,0,0,0,0,6
BV1uvAHegETt,2025-03-12,0,0,0,0,0,0,0,0,3
BV1uvAHegETt,2025-04-09,0,0,0,3,0,0,0,0,0
BV1uvAHegETt,2025-04-13,0,0,0,0,0,0,0,0,3
BV1vBwGepEKZ,2025-01-18,5,0,0,1,0,0,0,0,3
BV1vBwGepEKZ,2025-01-19,0,0,1,0,2,0,0,0,4
BV1vBwGepEKZ,2025-01-20,1,0,0,0,0,0,0,0,4
BV1vBwGepEKZ,2025-01-21,1,0,0,1,0,0,0,0,6
BV1vBwGepEKZ,2025-01-22,0,0,0,0,0,0,0,0,2
BV1vBwGepEKZ,2025-01-23,0,0,0,0,0,0,0,0,2
BV1vBwGepEKZ,2025-01-25,0,0,0,0,0,0,0,0,2
BV1vBwGepEKZ,2025-01-26,0,1,2,0,0,0,0,0,4
BV1vBwGepEKZ,2025-01-27,0,1,0,1,0,1,0,0,2
BV1vBwGepEKZ,2025-01-28,0,0,1,0,1,1,0,0,3
BV1vBwGepEKZ,2025-01-29,0,0,0,0,1,0,0,0,1
BV1vBwGepEKZ,2025-01-30,0,0,0,0,0,1,0,0,1
BV1vBwGepEKZ,2025-01-31,0,0,0,1,0,0,1,0,0
BV1vBwGepEKZ,2025-02-01,1,0,0,0,0,1,0,0,1
BV1vBwGepEKZ,2025-02-02,0,0,0,0,0,0,0,0,1
BV1vBwGepEKZ,2025-02-03,0,0,0,1,0,0,0,0,0
BV1vBwGepEKZ,2025-02-04,2,0,0,0,0,0,0,0,3
BV1vBwGepEKZ,2025-02-05,0,0,0,0,1,1,0,0,2
BV1vBwGepEKZ,2025-02-06,1,0,0,0,0,0,0,0,2
BV1vBwGepEKZ,2025-02-08,0,0,0,0,0,0,0,0,2
BV1vBwGepEKZ,2025-02-09,1,0,0,0,0,0,0,0,2
BV1vBwGepEKZ,2025-02-10,0,0,0,0,1,0,0,0,2
BV1vBwGepEKZ,2025-02-11,1,0,0,2,0,0,0,0,1
BV1vBwGepEKZ,2025-02-12,0,0,0,0,0,0,0,0,1
BV1vBwGepEKZ,2025-02-13,0,0,0,0,0,0,0,0,1
BV1vBwGepEKZ,2025-02-17,0,0,0,0,0,0,0,0,1
BV1vBwGepEKZ,2025-02-25,0,0,0,0,1,0,0,0,0
BV1vBwGepEKZ,2025-03-03,0,0,0,0,0,0,0,0,1
BV1vBwGepEKZ,2025-03-09,0,0,0,0,0,0,0,0,1
BV1vBwGepEKZ,2025-03-19,0,0,0,0,0,0,0,0,1
BV1vBwGepEKZ,2025-04-08,0,0,0,0,1,0,0,0,0
BV1vBwGepEKZ,2025-04-10,0,0,0,0,0,0,0,0,1
BV1vBwGepEKZ,2025-04-19,0,0,0,0,0,0,0,0,1
BV1vBwGepEKZ,2025-04-23,0,0,0,0,0,0,0,0,1
BV1vBwGepEKZ,2025-05-04,0,0,0,0,1,0,0,0,0
BV1xykjYKEQK,2024-12-17,2,1,4,3,3,4,0,0,7
BV1xykjYKEQK,2024-12-18,0,2,0,1,1,2,0,0,9
BV1xykjYKEQK,2024-12-19,3,0,0,0,2,1,2,0,9
BV1xykjYKEQK,2024-12-20,1,0,1,0,2,1,0,0,0
BV1xykjYKEQK,2024-12-21,0,0,0,0,0,0,0,0,1
BV1xykjYKEQK,2024-12-22,0,0,0,0,0,0,0,0,2
BV1xykjYKEQK,2024-12-23,0,0,0,0,0,0,0,0,1
BV1xykjYKEQK,2024-12-24,0,0,0,0,0,0,0,0,2
BV1xykjYKEQK,2024-12-26,0,0,0,0,0,0,0,0,1
BV1xykjYKEQK,2024-12-27,0,0,0,0,1,0,0,0,1
BV1xykjYKEQK,2024-12-29,0,0,0,0,1,0,0,0,1
BV1xykjYKEQK,2024-12-30,0,0,1,2,0,0,0,0,0
BV1xykjYKEQK,2024-12-31,0,0,0,0,0,1,0,0,0
BV1xykjYKEQK,2025-01-01,0,1,0,0,0,0,0,0,3
BV1xykjYKEQK,2025-01-02,1,0,0,0,0,0,0,0,0
BV1xykjYKEQK,2025-01-05,0,0,0,0,1,1,0,0,0
BV1xykjYKEQK,2025-01-06,0,0,0,0,1,1,0,0,0
BV1xykjYKEQK,2025-01-08,0,0,0,0,1,0,0,0,0
BV1xykjYKEQK,2025-01-09,0,0,0,0,0,0,0,0,2
BV1xykjYKEQK,2025-01-10,0,0,0,0,0,0,0,0,3
BV1xykjYKEQK,2025-01-11,0,0,0,0,0,0,1,0,0
BV1xykjYKEQK,2025-01-13,0,0,0,0,0,0,0,0,1
BV1xykjYKEQK,2025-01-15,0,0,0,0,0,0,0,0,1
BV1xykjYKEQK,2025-01-22,0,0,0,0,1,0,0,0,0
BV1xykjYKEQK,2025-02-02,0,0,0,0,0,0,0,0,1
BV1xykjYKEQK,2025-02-09,0,0,0,0,0,0,0,0,1
BV1xykjYKEQK,2025-02-22,0,0,0,0,0,1,0,0,0
BV1xykjYKEQK,2025-02-28,0,0,0,0,1,0,0,0,0
BV1xykjYKEQK,2025-04-20,0,0,0,0,0,1,0,0,0
BV1z7m7Y3EzC,2024-10-15,1,1,1,7,5,4,4,0,8
BV1z7m7Y3EzC,2024-10-16,0,1,0,3,1,1,1,0,5
BV1z7m7Y3EzC,2024-10-17,0,0,0,0,1,0,0,0,2
BV1z7m7Y3EzC,2024-10-18,0,0,2,0,0,0,0,0,0
BV1z7m7Y3EzC,2024-10-19,0,0,1,4,2,0,0,0,3
BV1z7m7Y3EzC,2024-10-20,0,0,1,2,1,0,0,0,6
BV1z7m7Y3EzC,2024-10-21,0,0,0,1,1,2,0,1,0
BV1z7m7Y3EzC,2024-10-22,0,0,2,0,0,1,0,0,0
BV1z7m7Y3EzC,2024-10-23,0,0,0,1,0,0,0,0,1
BV1z7m7Y3EzC,2024-10-24,0,0,0,0,0,0,0,0,1
BV1z7m7Y3EzC,2024-10-25,0,0,0,1,0,0,0,0,0
BV1z7m7Y3EzC,2024-10-26,0,0,0,2,0,1,0,0,0
BV1z7m7Y3EzC,2024-10-27,1,1,0,0,0,1,0,0,1
BV1z7m7Y3EzC,2024-10-28,0,1,0,1,0,0,0,0,1
BV1z7m7Y3EzC,2024-10-31,0,0,0,1,0,0,0,0,0
BV1z7m7Y3EzC,2024-11-04,0,0,0,0,0,0,0,0,1
BV1z7m7Y3EzC,2024-11-06,0,0,0,1,0,0,0,0,0
BV1z7m7Y3EzC,2024-11-07,0,0,0,0,1,0,0,0,0
BV1z7m7Y3EzC,2024-11-09,0,0,0,1,0,0,0,0,1
BV1z7m7Y3EzC,2024-11-10,0,0,0,1,0,0,0,0,2
BV1z7m7Y3EzC,2024-12-13,0,0,1,0,0,0,0,0,0
BV1zJPRepEjD,2025-02-16,1,0,0,0,0,0,0,0,3
BV1zJPRepEjD,2025-02-17,1,0,0,0,1,0,1,0,1
BV1zJPRepEjD,2025-02-18,0,0,2,0,0,0,0,0,3
BV1zJPRepEjD,2025-02-19,1,0,1,0,1,0,0,0,3
BV1zJPRepEjD,2025-02-20,0,0,1,1,0,0,1,0,2
BV1zJPRepEjD,2025-02-21,0,0,0,0,0,0,1,0,1
BV1zJPRepEjD,2025-02-22,0,0,1,0,1,0,0,0,1
BV1zJPRepEjD,2025-02-24,0,0,0,0,1,0,0,0,0
BV1zJPRepEjD,2025-02-25,0,0,1,0,0,0,0,0,1
BV1zJPRepEjD,2025-02-27,0,0,1,0,0,0,0,0,1
BV1zJPRepEjD,2025-02-28,0,0,1,0,0,0,0,0,0
BV1zJPRepEjD,2025-03-01,0,0,1,0,0,0,0,0,1
BV1zJPRepEjD,2025-03-02,0,0,0,0,1,0,0,0,0
BV1zJPRepEjD,2025-03-03,0,0,1,0,0,0,0,0,0
BV1zJPRepEjD,2025-03-06,1,0,0,0,0,0,0,0,0
BV1zJPRepEjD,2025-03-07,0,0,0,0,1,0,0,0,0
BV1zJPRepEjD,2025-03-09,0,0,1,0,0,0,0,0,2
BV1zJPRepEjD,2025-03-10,0,0,0,0,1,0,0,0,1
BV1zJPRepEjD,2025-03-11,0,0,0,1,0,0,0,0,0
BV1zJPRepEjD,2025-03-12,0,0,0,0,0,0,0,0,2
BV1zJPRepEjD,2025-03-14,0,0,0,0,0,0,0,0,2
BV1zJPRepEjD,2025-03-16,0,0,0,0,0,0,0,0,1
BV1zJPRepEjD,2025-03-21,0,0,0,0,0,0,0,0,1
BV1zJPRepEjD,2025-03-23,0,0,1,0,0,0,1,0,1
BV1zJPRepEjD,2025-03-24,0,0,0,0,0,0,1,0,0
BV1zJPRepEjD,2025-03-29,0,0,0,0,1,0,0,0,0
BV1zJPRepEjD,2025-03-30,1,0,0,1,0,0,0,0,0
BV1zJPRepEjD,2025-04-01,0,0,0,0,0,0,0,0,1
BV1zJPRepEjD,2025-04-02,0,0,0,0,0,0,1,0,0
BV1zJPRepEjD,2025-04-04,0,0,0,0,0,0,0,0,1
BV1zJPRepEjD,2025-04-05,0,0,0,0,0,0,0,0,2
BV1zJPRepEjD,2025-04-06,0,0,0,0,0,2,1,0,2
BV1zJPRepEjD,2025-04-07,0,0,0,0,1,0,0,0,0
BV1zJPRepEjD,2025-04-08,0,0,1,0,1,0,0,0,2
BV1zJPRepEjD,2025-04-10,0,0,0,0,0,0,0,0,1
BV1zJPRepEjD,2025-04-11,0,0,0,0,0,0,0,0,1
BV1zJPRepEjD,2025-04-13,1,0,0,0,0,0,0,0,1
BV1zJPRepEjD,2025-04-15,0,0,0,1,0,0,0,0,0
BV1zJPRepEjD,2025-04-18,0,0,0,1,0,0,0,0,0
BV1zJPRepEjD,2025-04-19,0,0,1,0,0,0,0,0,0
BV1zJPRepEjD,2025-04-22,1,0,0,0,0,0,2,0,1
BV1zJPRepEjD,2025-04-24,0,0,1,0,0,0,0,0,0
BV1zJPRepEjD,2025-04-25,0,0,0,2,0,0,0,0,0
BV1zJPRepEjD,2025-04-27,0,0,0,0,0,0,0,0,1
BV1zJPRepEjD,2025-04-28,0,0,0,0,1,0,0,0,0
BV1zJPRepEjD,2025-05-02,0,0,0,1,1,0,0,0,1
BV1zJPRepEjD,2025-05-04,0,0,0,0,0,0,0,0,1
BV1zJPRepEjD,2025-05-05,0,0,1,0,0,0,0,0,1
BV1zJPRepEjD,2025-05-06,0,0,0,1,0,1,0,0,1
